3.803913984094447,-0.44397703427336455,0.0,14.469761598389288,-0.08751480258805944,-1.688850449289231
-4.976195960536308,0.07537584488827051,0.0,24.76252623765787,0.00042824921894168955,-0.375084974855023
4.408692003795552,1.0598795672532388,0.0,19.43656518433084,1.1906100914183386,4.672682573135644
-3.730531389894857,-1.1425157148441596,0.0,13.916864450990852,-1.4913739295243447,4.262190737674299
5.940035540259042,1.1945581233043108,0.0,35.284022219540525,1.7045975419978625,7.095717707332748
4.2871645801829095,-1.7811710054601935,0.0,18.3797801375749,-5.650889965201204,-7.636173245857721
-2.7411131335885943,3.4605514797035606,0.0,7.513701211131883,41.44154544029314,-9.485763110474874
5.799357825956544,0.19694008382719028,0.0,33.63255119348341,0.007638399261192315,1.1421260163877536
1.4772193665510165,-3.7583949723909864,0.0,2.1821770569133863,-53.08933133945139,-5.551973840363938
1.8596916331957334,3.5463633348248496,0.0,3.458452970578214,44.601522583097186,6.595142222045892
-2.828854176390994,-4.237227220737392,0.0,8.00241595128477,-76.07557802450519,11.986497919700575
1.087462662936085,-5.540941070729446,0.0,1.1825750432800413,-170.1181276189397,-6.025566531947367
1.2495158985704589,5.379339977802736,0.0,1.5612899807803413,155.66356719130997,6.721570826080178
-0.9916543860815227,4.644388602362646,0.0,0.9833784214347217,100.18106674164753,-4.605628328199951
3.5226055613704386,-2.381076404041481,0.0,12.408749940997943,-13.49957182313488,-8.387592982924446
3.1549248068899436,-5.336318699861449,0.0,9.953550537129548,-151.95859760598933,-16.83568424366358
-2.2968755176839344,7.124459215105625,0.0,5.275637143735842,361.62272452646374,-16.363995947913807
-3.107919908902966,-4.826793780004257,0.0,9.65916616015542,-112.4543431650426,15.001288485044235
3.1166238785402034,-4.027937795435653,0.0,9.71334440028698,-65.35040223189665,-12.553567114529342
5.081287660417669,2.249834296787201,0.0,25.819484287912864,11.388108567789558,11.432055250249267
3.8337941134023192,2.7266562851890424,0.0,14.697977303958275,20.271747413983434,10.453438815429186
-0.17339904372815348,5.1081446432247954,0.0,0.030067228365838083,133.2875419798703,-0.8857473963602693
-0.26565075110318637,-4.683295952878632,0.0,0.07057032156168708,-102.71995239159932,1.2441210875207216
1.487530000918887,-4.647194910629395,0.0,2.212745503633744,-100.3627756091233,-6.912841849678791
-2.8346176325858594,-4.245277407723551,0.0,8.035057122966663,-76.51000378738458,12.033738195151566
5.213672773697677,0.06690404725127032,0.0,27.182383791196433,0.0002994726540423549,0.348815809604131
4.454139448203393,1.7594531124542307,0.0,19.83935822404163,5.446695462425124,7.83684951544663
3.3878879181255384,-5.2915567168049185,0.0,11.477784545780995,-148.1666174188317,-17.927201068939425
-4.657489162426358,-1.4822826351660239,0.0,21.692205298118974,-3.256814798375929,6.903715308938539
-3.255932852558059,4.454688096642977,0.0,10.601098740366858,88.39992661399312,-14.5041653217592
-2.052009303107403,-5.447755394920762,0.0,4.210742180039331,-161.67869621701246,11.178844751430947
-2.448203912591649,-5.481969574977213,0.0,5.9937023976290575,-164.7440971552962,13.420979362167591
-2.132026741413987,3.3528028261873377,0.0,4.545538026104343,37.689818123818824,-7.148265284119796
-3.113542119315409,-4.368885079268603,0.0,9.694144528751089,-83.38959470583023,13.602707708751435
-5.564287017880059,0.09750498905289605,0.0,30.961290017348563,0.0009270016638329181,-0.5425457447655668
4.806163863049358,-2.16819816566307,0.0,23.099211078481527,-10.192880156434072,-10.420715671739753
0.7338468252220174,-4.707106514768969,0.0,0.5385311628884342,-104.2946611786222,-3.454295171845083
5.33181019942449,2.816421163843687,0.0,28.42820000268702,22.34049530047089,15.016623087256765
4.498042190573011,0.5511847873603966,0.0,20.232383548174848,0.16745251233246833,2.4792524283490773
-2.904468674663865,-4.4115345032936615,0.0,8.435938282103667,-85.85568167681541,12.813163772015253
-4.821916531321753,0.5182589790426047,0.0,23.250879035034004,0.13920040712225787,-2.499001538551469
-5.367410807954541,-1.4402243045887801,0.0,28.80909878134722,-2.9873795713473785,7.7302754983286315
5.608850470736744,-0.6200707091865977,0.0,31.459203603083797,-0.23840955113394566,-3.477883889111315
-3.831955702202421,-0.5438628670525774,0.0,14.683884503641648,-0.16086746696012244,2.084058414618281
-3.6371808488975557,-0.9138843292991841,0.0,13.229084527587144,-0.7632620881632834,3.3239625806345794
4.570372402063753,-1.5799404639341559,0.0,20.888303893546,-3.9438661392966035,-7.220916293268468
2.703506074772843,3.882274472757667,0.0,7.308945096333665,58.51385469616986,10.495752621035889
-0.995271766960542,5.189314850783553,0.0,0.9905658901087594,139.7430005652675,-5.164778560853929
-3.8997853793024913,-3.8970019231671023,0.0,15.208326004621476,-59.18230289220371,15.197471123080756
-1.37186696531955,3.889247666139669,0.0,1.8820189705350716,58.82972243124321,-5.33553039312317
2.2598105644999102,-3.781276558579417,0.0,5.106743787425403,-54.0648904205832,-8.54496871437363
-1.3177876045335137,4.793017704227439,0.0,1.7365641706621764,110.1100854111378,-6.316179318940598
4.240025948323046,-5.606085530811254,0.0,17.977820042452745,-176.18914913000467,-23.769948119158094
-2.8281405682510035,-2.658447280191088,0.0,7.998379073787109,-18.788155962708334,7.518462601664958
3.5117776425249696,-3.659567446683296,0.0,12.332582210538233,-49.01051512067539,-12.851587140574589
3.0991855679373814,-4.414187717383393,0.0,9.60495118451135,-86.01068252697596,-13.680386867881063
4.266598713183811,3.6452522099871993,0.0,18.20386457934175,48.437614425175596,15.552828388361828
1.0895814722035113,-4.919410327590142,0.0,1.1871877845691712,-119.05267159338099,-5.360098347108824
4.839076992087233,0.6036557836395364,0.0,23.416666135348024,0.2199723517465828,2.9211368137504694
-4.452005535030672,-2.7036414294369613,0.0,19.82035328394374,-19.76274551613932,12.03662660859159
-0.5572743210012757,-5.0345878075018415,0.0,0.3105546688474329,-127.61207168701719,2.80564650194689
-0.5551062523043307,-4.994950487553934,0.0,0.3081429513473593,-124.62166890143389,2.7727282455917543
5.443878528181677,-1.1300315648407449,0.0,29.6358134295975,-1.4430179188130625,-6.151754572004071
-3.639381178263514,-2.2756322085824148,0.0,13.245095360698723,-11.784365826754263,8.28189302856507
-4.753144525018633,-0.7734795382466013,0.0,22.592382875714605,-0.462750064407254,3.6764600324307732
-4.752887853953101,3.378117230026327,0.0,22.58994295225492,38.54997938596715,-16.055812351821825
-5.02712809095031,0.14628138895957477,0.0,25.272016842821706,0.0031301649641961916,-0.7353752796219069
3.973951001449025,-2.762932734607702,0.0,15.792286561917708,-21.091668438386414,-10.97975930763057
-4.037065054453395,1.5704963268360164,0.0,16.297894253888792,3.8735643484395013,-6.340195839217099
-4.790475811799578,-0.2503932350656729,0.0,22.94865850343682,-0.015698847610983765,1.1995027360203518
-0.3195394057859787,5.156792181920383,0.0,0.10210543185005637,137.13202501450826,-1.6477983095726199
2.3882474185141476,4.606576214566596,0.0,5.70372573203949,97.75405518813918,11.001643752627347
-1.4808060800131746,5.329030037427347,0.0,2.1927866466039845,151.3367853337267,-7.89126007999525
3.6951620536212824,-3.8971740701048243,0.0,13.654222602522653,-59.19014623110893,-14.400689740208154
5.828938948363357,-1.8091839536044836,0.0,33.97652926374732,-5.921724266676753,-10.545622811919179
-0.9408424532638598,4.464986844694494,0.0,0.8851845218635583,89.0144578259266,-4.200849176753228
-5.920421655104518,2.800497160074783,0.0,35.051392574230526,21.96369528129416,-16.58012403156545
4.228279833792737,-3.9932513685563262,0.0,17.878350352858334,-63.67661191166016,-16.88458423293196
-5.578014345960692,-0.5379210332582984,0.0,31.114244043743284,-0.1556523127152469,3.000531240508787
-2.791474550208683,-2.5916806928159595,0.0,7.792330164462769,-17.407823719322927,7.234610696262958
-5.339198971913165,-2.564532625450566,0.0,28.507045661678596,-16.866488918825773,13.69254995724343
-0.5292898135874337,-3.1761096458698437,0.0,0.2801477067674203,-32.03955387632184,1.6810824823956996
-2.5335359609623422,-4.283504137749754,0.0,6.418804465489379,-78.59548029601328,10.852411771919991
-1.8170276889845003,1.135371715519968,0.0,3.301589622536354,1.46357240520561,-2.063001844389615
0.5532208899649743,-4.819062216677919,0.0,0.30605335309363824,-111.91481984408664,-2.66600588830714
-4.356757520005945,-2.9522822422215356,0.0,18.98133608812835,-25.73200474705768,12.862377859978688
-1.2774494839969244,-4.793281268762642,0.0,1.6318771841640083,-110.12825102901314,6.12317468343296
4.512171236522393,-0.3309129568188806,0.0,20.359689267700023,-0.036236088908920425,-1.4931359255507297
4.72566604172379,0.14208835167597494,0.0,22.331919537901396,0.002868635895636695,0.6714620984396624
-1.475113728833575,2.694449343497602,0.0,2.1759605129932935,19.56185653055763,-3.974619218239926
-4.731616633344038,1.9114919903153926,0.0,22.38819596493797,6.984212548111104,-9.044447295880213
-4.435105399595428,0.47555113208618843,0.0,19.67015990552052,0.10754535553711468,-2.109119393699173
4.304083237189255,3.4981900355714117,0.0,18.52513251265354,42.80851819901793,15.056501092605398
-6.196745782790802,0.49278870060065316,0.0,38.39965829653559,0.11966915470098856,-3.053686302254057
1.3518403801327572,-5.990612528053043,0.0,1.8274724133574776,-214.9877384457931,-8.098351917151282
-3.2334804406982727,-2.3883803016165723,0.0,10.455395760378297,-13.624182168284772,7.722780990226227
-4.331685729929125,0.09252439113795217,0.0,18.76350126287162,0.0007920793801292328,-0.4007865847626483
-3.9605328910479924,-3.058382396786036,0.0,15.68582078107297,-28.607200248161142,12.112824075873288
-2.4852533185926555,5.0738512739327035,0.0,6.1764840575758075,130.6210584905104,-12.609805716586825
-4.547697505989201,0.6806281053798837,0.0,20.6815526059804,0.31530411284416376,-3.0952907373422525
-0.7737035574770188,4.743706505275628,0.0,0.5986171948525946,106.74644824165165,-3.6702225987586297
3.8922543410513266,3.194570106103604,0.0,15.149643855432897,32.60147654338726,12.434079363274549
-2.429379771298947,3.999714574476968,0.0,5.901886073196524,63.986300552483975,-9.716825678203922
2.315042205629811,-4.32892592316143,0.0,5.3594204138473405,-81.1223387068422,-10.021646217163703
-3.21007079192506,3.667031659290398,0.0,10.304554489170384,49.311019130917856,-11.771431222552595
-4.76473127652937,-0.9217812071108434,0.0,22.7026641375372,-0.7832196033956972,4.392039747638033
4.72549213724715,-1.1138571763916307,0.0,22.330275939184634,-1.381937881589076,-5.263523329054962
-5.202395337359349,-0.4574959617461655,0.0,27.06491724617829,-0.09575507370208204,2.3800748582489826
3.6884145229826895,2.4533380272464558,0.0,13.60440169334962,14.766316459664624,9.04892760948153
2.9891289364982705,-1.0447952741997544,0.0,8.934891799011282,-1.1404955593115478,-3.1230277868271306
-4.583902970284719,-0.4088160725157241,0.0,21.012166440985073,-0.06832566778186139,1.873973209104961
0.17918264436570075,5.6289079995231175,0.0,0.03210642004188519,178.3497280496853,1.0086026202457987
2.224625709349222,4.3394031246726,0.0,4.948959546697529,81.71278112354427,9.653547754377014
4.000824362437294,0.5386626232791247,0.0,16.00659557907178,0.15629695794649728,2.1550945463495044
0.7244474502066505,5.098921515301169,0.0,0.5248241081109173,132.56686363357323,3.693900690563762
-3.5612586308978305,-4.368779791568818,0.0,12.68256303614429,-83.38356592260683,15.558354739216476
-2.0779794454806013,3.082640037668418,0.0,4.317998575839868,29.29330977935533,-6.405662636090519
3.8026703634620524,-0.27006374014130097,0.0,14.460301893152618,-0.01969694326003403,-1.0269633808810423
-3.629960581418844,2.0617818184684173,0.0,13.17661382265463,8.764519600954978,-7.484186728526417
1.4917198334909931,-3.853396644935699,0.0,2.2252280616303963,-57.217798602489225,-5.748188201558233
6.2499021597020095,1.156670521559734,0.0,39.06127700584784,1.5474941018085058,7.229077590759831
-3.455990158748397,2.327406552696655,0.0,11.94386797736577,12.607145298883882,-8.043494141526171
0.06323559232962396,-5.652457805050883,0.0,0.003998740137278397,-180.59760525171362,-0.3574365174205987
3.7795245898999332,4.080199784876859,0.0,14.284806125658259,67.92728958547774,15.421215418646506
-4.86425054343971,2.6350984651408442,0.0,23.660933349353517,18.29744894852558,-12.817779141078498
-2.1002275857606945,4.79753967417788,0.0,4.410955911990195,110.4220294304076,-10.075925167489759
0.7836259830214817,4.346260838226148,0.0,0.6140696812663835,82.10079453809097,3.4058429218227344
3.411874080261045,-3.0823666487365315,0.0,11.640884739557151,-29.28551669646084,-10.516646874685273
1.538441234875698,3.8215854800345714,0.0,2.3668014331658624,55.812404688094865,5.879284685087423
4.298893026180984,-0.009188984369499595,0.0,18.4804812505475,-7.758942588642381e-07,-0.039502460823727874
4.08895527079112,0.8431023063761046,0.0,16.71955520653048,0.5992952452427056,3.4474076194727226
-2.0044707185423474,-4.557695069623809,0.0,4.017902861493674,-94.67510526473473,9.13576631110575
3.3464938484476665,3.0376243025974765,0.0,11.199021077698074,28.02864972396214,10.165391042537589
-5.075864120447242,-1.5869994656987736,0.0,25.76439656924365,-3.996964965977843,8.055393647109348
-5.111378997960597,-2.8906601436288812,0.0,26.126195260792677,-24.154113535391946,14.775259548386426
0.18702998570743315,6.84572478069754,0.0,0.034980215553722646,320.8176885913274,1.2803558078908819
2.516777363865253,4.201364703817565,0.0,6.334168299264531,74.1602435950152,10.57389958391049
-2.7684692158528486,-2.629253134339387,0.0,7.664421799124886,-18.175953415427315,7.279006363103207
5.247817846183022,-2.9843473262256226,0.0,27.53959214671701,-26.57957902885633,-15.661311157775406
-2.3718700398569523,4.265410598444779,0.0,5.6257674859710205,77.60371841647768,-10.116999606139485
4.756269461198109,2.933139066285564,0.0,22.622099187525748,25.23468935574585,13.950799766421163
-0.5331074531186059,-4.053039320431055,0.0,0.28420355657060653,-66.57979462343127,2.1607054695045647
1.9129102469829613,4.189536719089637,0.0,3.659225613012414,73.53566147981837,8.014207720057943
-3.5995714119624065,3.6431598947619643,0.0,12.956914349817033,48.35425509195489,-13.113814206393137
2.5566233692555502,-3.4667004519671227,0.0,6.536323052223602,-41.66284771419982,-8.863047389707924
0.6251082466784289,-5.9141052664860965,0.0,0.39076032006537953,-206.85553735171112,-3.696955973804786
-4.57742879253537,-4.22058998453965,0.0,20.952854350731815,-75.18297244894812,19.319450116718208
-3.7272100300891373,-3.6961582520777,0.0,13.892094608397068,-50.495383181331476,13.776358109940738
3.974522123650922,2.281027397022303,0.0,15.796826111390633,11.86838168305203,9.065993854119018
-0.2647929739859996,-4.453820738863977,0.0,0.07011531907235026,-88.34830048374398,1.1793404390443145
-4.674858287125059,0.871538045453464,0.0,21.854300004701845,0.6620016176233183,-4.074316854332903
-2.191802115408433,4.171806547341268,0.0,4.803996513108882,72.60599544688596,-9.143774415537344
-4.360497792586564,0.9622678816943453,0.0,19.013940999152297,0.8910210636405462,-4.195966974005142
5.36054820345801,1.2096417035638036,0.0,28.735477041596898,1.7699877205233983,6.484342660866834
3.2755390641180946,2.8874408968198337,0.0,10.729156160563644,24.073504106135992,9.45792545286555
-4.78255629461815,-1.2467893342997751,0.0,22.87284471119169,-1.938113627836847,5.962840178818162
-4.194597731606258,4.483638478221846,0.0,17.594650129996367,90.13464711383878,-18.80705979009189
-1.5491583062293648,-4.056576822252799,0.0,2.3998914577594346,-66.75427980876233,6.284279679050445
0.2746084564290687,4.993648933694391,0.0,0.07540980434235574,124.52427481155068,1.3712982256304815
-3.713522267132746,2.6864095010341056,0.0,13.790247628490729,19.38726936089149,-9.97604150072712
-2.722735396788602,-4.487125561752096,0.0,7.413288040925586,-90.34511338314945,12.217255596817372
-2.5523160235561884,-3.8140908378835032,0.0,6.514317084101673,-55.484681384393106,9.734765160828914
1.7449553770181632,3.139630720355294,0.0,3.0448692677846,30.94822243577625,5.478515507335379
4.299274664506811,-1.2801851170563319,0.0,18.48376264087015,-2.0980620189519925,-5.503867439638974
-0.2565006726384552,4.367203257024276,0.0,0.06579259506397997,83.29332815874656,-1.1201905729755792
-3.4744275474625823,-4.472995430966714,0.0,12.071646782566855,-89.4942975693408,15.541098545025017
-4.588282335789607,-1.5110092902663688,0.0,21.052334792918934,-3.4498594637979663,6.932937235743171
4.207943797958231,-2.69112550617596,0.0,17.706791006775145,-19.489552049932048,-11.324104883240336
3.232594894870379,-3.8242114875732156,0.0,10.449669754342036,-55.92753847023982,-12.362126531633834
-4.323110468113425,-2.4022992407591595,0.0,18.68928411951188,-13.863768955331324,10.385404995266855
-1.2989291747852345,-3.838357833022238,0.0,1.6872170011082503,-56.55049084953634,4.985754972578016
0.9096181831023596,3.776571479454926,0.0,0.8274052390304378,53.86332103973036,3.4352380874979804
1.603608784729031,3.590002388427214,0.0,2.57156113446012,46.26837134692777,5.756959367280084
3.7683942021302608,-1.9553148899997168,0.0,14.200794862648964,-7.475670008932976,-7.368397294813901
-2.3441952233228944,-2.9940646732576384,0.0,5.495251245049875,-26.84006302179778,7.018672105370379
3.356558942876893,-3.8617155183073786,0.0,11.266487937006847,-57.5891716947421,-12.962075757821108
-6.186888726216726,3.132300844761706,0.0,38.27759211058762,30.731970159913615,-19.379196783575324
-4.175239125120146,2.1093825560127826,0.0,17.43262175193404,9.385686645868835,-8.807176577710507
2.896593462083419,0.12456595460343928,0.0,8.390253684584406,0.0019328496885414107,0.3608169297025022
-5.011231781218358,0.17863561560691354,0.0,25.11244396509292,0.005700384531306295,-0.8951844741868713
-2.174918887731531,3.394680837624115,0.0,4.73027216821136,39.11981989188814,-7.3831554715689816
-2.5039553973172386,-4.9627733555758855,0.0,6.269792631754131,-122.2287374244755,12.426563129356422
4.277199292763785,2.658549691094369,0.0,18.294433790019024,18.790327364970835,11.371146858526215
-2.379427472230912,3.1640451745251905,0.0,5.661675095607187,31.67583167579137,-7.528616011644888
-0.7192104175925028,5.49733293662938,0.0,0.5172636247735822,166.13308134839073,-3.9537391169982365
3.4159209200723764,3.434952400818185,0.0,11.66851573218811,40.52865299797959,11.733525765407672
4.845209306224505,-0.676257149012777,0.0,23.47605322112455,-0.30926844290153926,-3.276607431797559
0.144271800163126,4.603478918671386,0.0,0.020814352322308962,97.55700881904119,0.6641521906097215
3.61244853060896,6.035635429037329,0.0,13.049784386298834,219.87152949733385,21.80342233691728
0.8998203987295874,4.858966991098757,0.0,0.8096767499698737,114.71807378619205,4.372197615344388
0.8037627856257091,4.997347873673607,0.0,0.6460346155567996,124.80119601347681,4.016682247684613
4.042923879727871,3.023169039315787,0.0,16.34523349727386,27.630407738213442,12.222442301503762
-0.2097464957729541,4.297064634596237,0.0,0.04399359248903385,79.34428640693474,-0.9012942492164501
-1.4243841080149928,4.742273180479902,0.0,2.0288700871656666,106.64971622070686,-6.754818554141289
-4.22053539627041,-2.5595185880834546,0.0,17.81291903117143,-16.7677528363767,10.802538798418283
-2.2238759016170047,-5.925171028040566,0.0,4.945624025792846,-208.01884078370404,13.176845062218668
3.995432740779532,1.5228821682822564,0.0,15.963482786093044,3.531822788176515,6.084573275504252
0.5128204123893992,-6.005911636063943,0.0,0.2629847753632335,-216.63908595543955,-3.0799540819806026
-4.5670283368717985,0.26206626137591316,0.0,20.857747829789986,0.017998376788943445,-1.1968640418418468
1.8901009446322203,-3.748576242268884,0.0,3.5724815808996118,-52.674333022550826,-7.085187496538317
-4.5167702109003445,3.00267020495443,0.0,20.40121313807674,27.072159722758645,-13.562371334896202
-1.3524137822422342,4.858220636019462,0.0,1.8290230383987451,114.66521856020759,-6.570324545326353
4.2677898856966925,2.9377895311529403,0.0,18.214030508454986,25.35490785966159,12.537868447360147
-4.38999547572728,-3.0833730263779313,0.0,19.272060276905986,-29.314210796986963,13.535993635778649
1.19637240909209,4.573536891069905,0.0,1.4313069412368111,95.66576739975727,5.471653348440849
-4.504097445201797,-2.9180828221541653,0.0,20.286893795873354,-24.848080315400118,13.143329384151825
-1.3231117233808165,5.314204274891003,0.0,1.7506246325477544,150.07720511759996,-7.031285976548738
2.8201769704952304,4.83927889755806,0.0,7.953398144911656,113.3292347777697,13.647622900696788
3.742010415658536,-2.845785438428691,0.0,14.00264195089697,-23.04657846567484,-10.648958751329555
-2.2069318393098762,-4.196342373727625,0.0,4.870548143359674,-73.89460693443071,9.26104159322468
0.1866840444763343,-3.921433854122693,0.0,0.03485093246204196,-60.30241170874747,-0.7320691320340439
-2.354205480137991,3.2917734296736887,0.0,5.542283442711748,35.66890738764166,-7.749511047510428
-5.3288300025275985,-0.06433179927480509,0.0,28.396429195838287,-0.000266242323442521,0.3428132220921646
-5.056338475395873,0.7818351876268886,0.0,25.566558777768662,0.4779094715552351,-3.9532233406161885
1.758556064496644,-4.290404253926078,0.0,3.092519431977925,-78.97591089234018,-7.544916419883904
-4.741013799345615,-0.5484413084429872,0.0,22.477211845585543,-0.16496449233209992,2.600167811459367
3.0913350647507967,3.8736806387673863,0.0,9.556352482557813,58.12613400797895,11.974844788267886
-0.2710383158869246,6.116731379171135,0.0,0.07346176867882033,228.85385142523631,-1.6578685717432502
-4.889986505467874,2.7871482792670546,0.0,23.911968023657913,21.65111280618119,-13.629117474353903
2.9333717218722093,4.265500158008344,0.0,8.60466965867953,77.60860678601912,12.512297543143116
2.7472430935656793,-3.363699364449806,0.0,7.547344615144324,-38.0584870331016,-9.240899847815994
2.3274174497620694,4.2180122314879105,0.0,5.416871985456975,75.0453010843253,9.817075270874808
-5.818793386691208,-2.0919163030427974,0.0,33.858356477001344,-9.154463841803608,12.172428749656952
3.976774432023652,-4.893078311173798,0.0,15.814734883197042,-117.15113469594233,-19.45866872176543
-5.629730494806486,-1.464634686309481,0.0,31.69386544415408,-3.1418680753556814,8.245498557267817
3.687596840567729,4.626890641975649,0.0,13.598370458565096,99.05301626885249,17.062107313001793
0.2817892954887037,-5.346084663032219,0.0,0.07940520705201996,-152.79442078720777,-1.5064694308188127
0.9571880776577095,3.7884604096284917,0.0,0.9162090160100613,54.373621456933385,3.626269136774635
1.2285786317356187,5.2822403082597695,0.0,1.509405454357365,147.38540014127216,6.48964757042052
3.7633843310692727,1.7964599977236049,0.0,14.163061623337716,5.797658804238521,6.760769406825756
3.86531795189735,-1.5002565418957368,0.0,14.940682869259923,-3.3767319539749563,-5.79896854384103
-0.089563366673689,-5.423227174223082,0.0,0.008021596649925666,-159.5046656584161,0.4857224839596561
2.0622860803460075,5.137528937354253,0.0,4.253023877188899,135.60098468172686,10.595054414880492
5.703146237049575,-1.7314687750080209,0.0,32.525877001172724,-5.190915889720231,-9.874819628755832
-5.248863340296232,0.585913377443484,0.0,27.55056636510572,0.2011408316721935,-3.0753792474522528
-3.4615897439031023,-4.592969358779731,0.0,11.982603555095144,-96.8903766806537,15.898975626413126
4.1310432844954565,-1.6422162469852266,0.0,17.06551861837501,-4.428850630373491,-6.784066398797653
3.477529817358294,1.369509735599745,0.0,12.09321363061601,2.568593455999883,4.762510940710587
1.5164901571962803,-5.100687894359144,0.0,2.299742396873199,-132.70468363710884,-7.7351429867258625
4.350424119100992,-1.6515115658921184,0.0,18.92619001605564,-4.50448202779321,-7.184775749231319
-1.3388103564491818,3.21623744890359,0.0,1.7924131705355852,33.26934979696897,-4.305932005391822
4.054311586822949,-0.3490531279396139,0.0,16.437442443046816,-0.04252796506390783,-1.4151701410223698
5.555309705772619,2.506362008307114,0.0,30.861465927051466,15.744591476884372,13.923617190928264
4.306040566871329,3.0281009593668298,0.0,18.541985363541556,27.765855068474085,13.039125571615559
4.195777238379951,2.4942476822936315,0.0,17.604546634107287,15.517392021358697,10.465307652249566
3.5146924944682185,-3.975897470282606,0.0,12.353063330671228,-62.8500357549011,-13.974056997577453
1.7213265080581248,5.2982809120281225,0.0,2.9629649473435777,148.73217944021846,9.120071381012385
-4.216412338628493,-0.6248040941049247,0.0,17.7781330093386,-0.24391111973253937,2.6344316916096027
4.285126719101837,-1.5115151547736942,0.0,18.36231099876047,-3.453325516170599,-6.477033976048105
3.065182343545479,2.455106457461261,0.0,9.395342799182954,14.79827132381153,7.5253489649347465
2.5675151642307084,-4.071900763932261,0.0,6.592134118554641,-67.51364501380385,-10.454666958638686
-0.8549090906040604,-3.771656758468439,0.0,0.7308695531974615,-53.6533060760937,3.2244236494529113
4.847794099290978,-2.111911845738069,0.0,23.50110762912042,-9.419489329345081,-10.238113783991729
4.461664857346008,3.773202765732374,0.0,19.906453299276375,53.71931081476729,16.834766179508897
-1.7421564710057158,4.528922679171153,0.0,3.0351091694670895,92.89336999258765,-7.890091952202567
1.2569972660911233,-4.1538431532093165,0.0,1.5800421269605582,-71.67212505954612,-5.2213694873554415
-3.9998628833496763,-2.6877690206694806,0.0,15.998903085598386,-19.416718386854104,10.750707544792965
2.50100049225129,4.67927792943753,0.0,6.255003462241194,102.45579408501922,11.70287640490386
-2.4777066828978054,-3.992937508034678,0.0,6.139030406476446,-63.661598578909086,9.89332794805083
4.5413551939651144,0.6190482544405864,0.0,20.623906997753924,0.2372321309832488,2.8113180056187947
2.874269877704378,3.8355923273320376,0.0,8.26142732987874,56.42834638579404,11.024527489604507
0.6660584559121429,-5.470893634805585,0.0,0.44363386669206795,-163.7475511784267,-3.6439349668581786
-3.9029357474259174,2.4830534530348722,0.0,15.232907448535105,15.30940126850738,-9.691198084619165
-2.79386730190859,-3.3580073820650855,0.0,7.805694500673983,-37.86560843667867,9.381827024319307
1.6820943586566324,-3.234618207964722,0.0,2.8294414314244674,-33.84301767093803,-5.4409330400254845
-6.051641460134296,-2.0401265754990394,0.0,36.622364362016356,-8.491244367843139,12.346114568211789
5.342356243326698,-1.898881324259396,0.0,28.54077023061175,-6.846891873511161,-10.144500497993652
-4.713809031397037,-4.692893825659283,0.0,22.219995584480277,-103.35278548535915,22.12140529878012
3.713372413538457,-4.288496539109437,0.0,13.789134681628425,-78.87060855415271,-15.924784743884132
-1.2639688874148947,-5.28439506163856,0.0,1.5976173483528466,-147.565839918469,6.679310946720054
-3.0515016678537266,3.569189226435292,0.0,9.311662428914074,45.468300355711406,-10.891386877352845
5.370374999697743,-1.070372750697331,0.0,28.840927637378535,-1.2263237328792085,-5.748303060702652
-4.648342887431746,0.37533501583038553,0.0,21.607091599137306,0.05287583610610204,-1.7446858512392545
-3.5840081055088975,-4.19451421255186,0.0,12.845114100353477,-73.79807114584138,15.033172936458138
1.0590569851532423,5.194088588428956,0.0,1.121601697801875,140.1290112254574,5.50083580108043
-4.1557767454513,2.4651078483197173,0.0,17.2704803580338,14.979860642983846,-10.244437871076572
-3.551920740180425,-5.733844354393271,0.0,12.616140944523858,-188.51143501894586,20.366160683335895
-0.6724072150039341,4.367197673320178,0.0,0.45213146278934685,83.29300867416407,-2.936535224888882
-3.2019896454154457,-4.655066993054569,0.0,10.252737689347732,-100.87366646019903,14.905476310475944
-0.7685584157757345,4.613727112894265,0.0,0.5906820384597067,98.21000009724975,-3.54591880070757
-3.467324559063269,-2.317754931398116,0.0,12.022339597883294,-12.450951497673632,8.036408595526689
-1.7379703127671877,-4.243370121832796,0.0,3.020540808060076,-76.40692861527398,7.374851297828684
-4.06782302163765,-2.06304990846322,0.0,16.547184135365256,-8.780701289032931,8.392121912434133
-0.96228248894809,-5.395260072990662,0.0,0.925987588536131,-157.04971504264208,5.191764291559708
5.496561675466104,1.2393137826680096,0.0,30.212190252202745,1.9034603680943825,6.811964641689911
-5.5068641056463274,0.03812757559394267,0.0,30.325552278055927,5.542651495998769e-05,-0.20996337747359983
3.0156195480901884,-3.196269107367669,0.0,9.093961258823672,-32.653520554176815,-9.63873160113472
-3.8388509405191553,-2.5995988725037265,0.0,14.736776543524803,-17.56786638935652,9.979472576683467
3.153586048093531,-1.5990790131478267,0.0,9.945104962730175,-4.088930891634666,-5.042833265662159
3.9034275444417337,4.139977392263504,0.0,15.236746594706423,70.95678154366665,16.160101786327424
4.366388210412082,3.5159054927368936,0.0,19.065346004025624,43.46218722126877,15.351808292409455
-4.473003438659815,1.4626517771087513,0.0,20.007759762262534,3.129124402719767,-6.542446428569335
4.028641750178521,3.032881537505227,0.0,16.22995435128146,27.897567823590173,12.218393185339183
-2.662555842609028,-2.333571309203401,0.0,7.0892036150114714,-12.707591039355892,6.213263923464314
1.6906984366428441,3.6095033495749,0.0,2.858461203666557,47.02646647720827,6.102581670183392
5.306908602597735,-0.5047636687167941,0.0,28.163278916325847,-0.12860689844680184,-2.6787346557919482
-2.290204362035239,-3.505622297188728,0.0,5.2450360198852355,-43.081951506777465,8.02859147666962
-2.4935894948578254,-3.7870737562597028,0.0,6.217988568865305,-54.31393776201345,9.443407334860959
-5.1347726210250615,0.9489502835262851,0.0,26.365889869628578,0.8545360319190537,-4.872643934564738
-4.791410663203811,-1.0551844897598495,0.0,22.957616143463184,-1.174857507876581,5.055822215882615
-5.221901271733326,-1.2163017690026101,0.0,27.268252891730132,-1.7993846658698598,6.351407754366225
3.795524565756299,-4.163851877671886,0.0,14.406006729259543,-72.19145838514667,-15.804002089874134
-5.853254475535949,0.29970780191494045,0.0,34.26058795538162,0.026921183333834954,-1.7542660329116668
-2.152364828202659,-4.760379382208558,0.0,4.6326743536838615,-107.87596572637314,10.2460731511668
4.281545387843009,3.947421781743866,0.0,18.33163090815974,61.50927380126916,16.90106552349648
-2.486005197581207,-4.384024436913687,0.0,6.180221842400776,-84.25950410441604,10.89870753649045
3.5678429308261754,-2.535709538556951,0.0,12.729503179046313,-16.304163167295588,-9.04701335176892
4.898199338794443,-2.344867125010114,0.0,23.99235676256632,-12.893021700532174,-11.485626601285368
3.93202917553881,-4.008557269887822,0.0,15.460853437288415,-64.41162830365272,-15.761764137017117
4.961125433690564,-3.3020949736760876,0.0,24.61276556881139,-36.005486249448005,-16.382107358366213
-3.026040830890524,-1.747500757215006,0.0,9.156923110216614,-5.336445983928178,5.288008643344717
1.9233030000667242,-4.019716811796615,0.0,3.6990944300656614,-64.95107966320975,-7.7311334035470765
0.31703212858134894,-4.110485503782,0.0,0.10050937055282097,-69.45113744177486,-1.3031559687667857
2.668719015844238,-4.935862086902075,0.0,7.122061185528639,-120.25109775377337,-13.172429010900194
-1.8552230264057947,-3.690006185703685,0.0,3.4418524777062762,-50.24366167590342,6.845784443297294
-2.504501361142079,2.856834281042819,0.0,6.272527067962527,23.3160590107699,-7.154945345429093
-3.9878917965259753,-3.1981967955735793,0.0,15.90328098079917,-32.7126367690007,12.754062764743539
0.07411348223303586,6.413232969000637,0.0,0.0054928082487065225,263.7734316882395,0.4753070277043485
5.624513749769567,1.3033688893621942,0.0,31.635154921346913,2.214124570021835,7.33081623923955
3.638818463565542,0.38425929602388476,0.0,13.240999810785492,0.05673788573498853,1.3982498211684091
-1.1359456238384655,4.958075182766376,0.0,1.2903724603177607,121.88193037113473,-5.632103806525565
3.5146875175942403,4.156238490183483,0.0,12.353028346332763,71.79618697290854,14.60787954159262
3.1627247909964225,3.58137500268298,0.0,10.002828103583363,45.9356000611498,11.32690350684034
5.058440777869712,1.1746578580761848,0.0,25.587823103215136,1.62081767851961,5.941937209337666
4.239717237840859,4.751052426025343,0.0,17.97520225684492,107.24312687106372,20.143118868505276
-1.1401293119976,5.050437698362563,0.0,1.2998948480761205,128.82111510999246,-5.758152058320851
1.867087955936175,-3.890840530772273,0.0,3.486017435201924,-58.902034232452564,-7.264541493473226
4.76684275950085,2.6293443099151297,0.0,22.722789893805682,18.177844363617638,12.533670885953695
5.030964609944159,1.2911082525938906,0.0,25.310604906510587,2.1522264840118144,6.495519926406708
-1.4232040645342803,4.680855891945946,0.0,2.0255098093068957,102.559480548914,-6.661813130916704
-1.4833158863588958,-3.8125473995537114,0.0,2.2002260187246767,-55.41735010858007,5.655212125254317
-3.9920707517132596,1.8236230567075558,0.0,15.93662888668447,6.064642757580409,-7.280032266832165
4.9764358171997,-3.487527968554641,0.0,24.76491344270805,-42.41828419580693,-17.355459096201024
-0.8843560960318204,4.565234650422417,0.0,0.7820857045886423,95.14573267791812,-4.0372930929167605
-2.780711666671464,-4.3721439501949195,0.0,7.732357373162791,-83.57634167769595,12.157671690674073
-4.213040083129183,-0.04873032044397673,0.0,17.749706742053153,-0.00011571716942321407,0.20530279329420345
0.10109988551730499,-4.7097920363534715,0.0,0.010221186851612175,-104.4732711521048,-0.4761594356856507
-4.262101667028857,-3.366647344841952,0.0,18.165510620090163,-38.15863929362057,14.34899326074916
-4.391748569136852,-2.230782397179403,0.0,19.287455494515587,-11.10124344453167,9.797035400868321
-2.4270679496139924,-3.741944501270822,0.0,5.890658832043469,-52.395263149055424,9.081953568268727
1.4696863061497976,-4.223451193412788,0.0,2.1599778384842363,-75.33597952934053,-6.207148383650795
0.6184457349078564,-3.6135364398789442,0.0,0.38247512702571856,-47.18427820305532,-2.2347761991772526
1.7862237847969222,4.382760860141254,0.0,3.1905954093742417,84.18666851458806,7.828591691461326
-3.4439557746893104,3.3883782932952253,0.0,11.860831378015847,38.90233529528411,-11.669424990026002
-4.130722297628195,-1.632472891854411,0.0,17.062866700122758,-4.350487597525431,6.743292174656597
4.093007963999685,0.29691083979001714,0.0,16.75271419336484,0.026174485883446938,1.2152584318583746
-6.01552188976809,1.5105332638530022,0.0,36.186503606279054,3.4465999730829617,-9.086645913930573
-1.9114689243972078,4.936977522404533,0.0,3.6537134489362186,120.3326413558378,-9.436879114523784
3.979394494442849,-2.0956682235802804,0.0,15.835580542402058,-9.2038087316922,-8.339490591094194
4.5986283426556165,1.7614685251428523,0.0,21.14738263387554,5.465434100283453,8.100339084417708
4.370504159140338,-2.168443613665963,0.0,19.10130660506299,-10.196342162827982,-9.477191832388394
5.300602436965865,1.6321323975155355,0.0,28.096386194768467,4.347765945986057,8.651284963721787
4.687926276443759,2.174408086140525,0.0,21.976652773371843,10.28071129340034,10.19346480272995
4.332858332420913,0.16771921394641612,0.0,18.773661328829334,0.004717896996900722,0.7267035936548149
1.3461072227531188,-4.466463123404668,0.0,1.8120046551481146,-89.10278077540649,-6.012338270575478
4.807752535044002,0.4769072464639038,0.0,23.114484438222025,0.10846803295246435,2.292852023167688
-4.819003232809851,-1.8486592840215839,0.0,23.222792157831794,-6.317869172513958,8.908695066063958
5.688830489365522,1.72008289602947,0.0,32.36279233673476,5.089183754299561,9.785260023168593
4.707265132029952,0.45038536215706504,0.0,22.15834502322496,0.09135930804803416,2.1200833112586346
3.231007807887494,3.3255016680333247,0.0,10.439411454629951,36.77659439649542,10.744721854558557
-5.503934490599831,-1.8406928667027622,0.0,30.29329487681442,-6.236543958813994,10.13105295564641
5.152486928989368,-1.9349953124820984,0.0,26.548121553406286,-7.245022721762407,-9.97003805521971
2.336505348081135,-3.979945909214497,0.0,5.459257241611745,-63.042221575898,-9.299164901953306
3.5110677019651675,1.9485209384700901,0.0,12.327596407782963,7.398015399956528,6.841388933665191
-1.1323907680955023,-4.424992867149186,0.0,1.2823088516679217,-86.64384662864448,5.010821071648186
1.7636036421594308,4.818277885704114,0.0,3.1102978066380094,111.86018433408832,8.497532428164016
-4.282814925081112,4.75155858286515,0.0,18.342503682497533,107.27740619729373,-20.350046016092122
1.4078600271733637,4.264951330524204,0.0,1.9820698561125842,77.57865372916157,6.00445449608488
-1.3161436960341777,4.213551364289385,0.0,1.732234228610506,74.80745454413338,-5.545639066025683
-2.0393141160632378,4.964868598085957,0.0,4.158802063974785,122.38361472773617,-10.12492661647579
-1.918009973147088,4.862918121451504,0.0,3.6787622570916936,114.99815476416718,-9.327125455541687
2.996170060297618,3.365482586252358,0.0,8.977035030223831,38.119047774283864,10.08355816338231
3.4407372342633695,3.059601849525828,0.0,11.838672715246341,28.641433089845503,10.527286005684587
4.345872563971249,-2.609077920000398,0.0,18.88660834227804,-17.760743753033,-11.338720149792904
-2.047771684683654,-5.727954038035009,0.0,4.19336887259213,-187.93106435429328,11.729542090257489
1.9911872302701379,-3.2577719054186645,0.0,3.964826585990863,-34.57498664690646,-6.48683381720246
2.060147886920685,-4.339307518569977,0.0,4.244209315983764,-81.70738033348542,-8.939615215080979
5.039223762871366,0.48370548410741687,0.0,25.39377613228745,0.1131730535755701,2.437500169745293
-4.431503416697967,-3.611822447841234,0.0,19.638222532205756,-47.11716794344189,16.005803518114842
1.6231380816850713,4.640191527743342,0.0,2.6345772322162935,99.90971505774183,7.531671574992648
1.2821447281954532,-5.724155223319704,0.0,1.6438951040393925,-187.55740113024893,-7.339195442951826
-4.819458002785102,-1.373923409434006,0.0,23.227175440609365,-2.5935078677055765,6.621566170810513
-3.4822538027579344,5.157247207324698,0.0,12.126091546822096,137.16832901456223,-17.958843699469167
-0.13317908423488037,4.017961705206708,0.0,0.01773666847764136,64.86603911902576,-0.5351084603902477
3.269422950470629,-3.5574072414990434,0.0,10.689126429064073,-45.01950902535344,-11.630668879527384
3.1329180034853583,-3.3268282498131105,0.0,9.815175216562684,-36.82062380554249,-10.422680118343179
3.2368938955835262,-3.9132951230892283,0.0,10.477482091265896,-59.92772691209751,-12.666921095544307
3.8570887540623,-2.578238013652593,0.0,14.877133656713864,-17.138350566333283,-9.944492847755338
-5.642089775392,-0.8169921775216943,0.0,31.83317703358295,-0.5453228488953137,4.609543211370397
-4.3294442482968165,-2.758260508877488,0.0,18.744087499110385,-20.9848488058792,11.94173509546389
4.265677834421319,-0.7841747284519978,0.0,18.19600738707335,-0.482212569486143,-3.3450367574710436
-3.9279478029447077,3.047427182318679,0.0,15.428773942658156,28.300884640954067,-11.970134905422636
4.116872833647757,-3.8434520010626225,0.0,16.948641928426913,-56.775946797648736,-15.823003130603821
-3.1359461040554746,-4.439505702714211,0.0,9.83415796754071,-87.49915411743285,13.922050612358692
-0.9576959671046434,5.40052447664189,0.0,0.9171815654084983,157.50988567300394,-5.172060511529853
-2.2229471316982568,4.748679701676204,0.0,4.941493950325507,107.08253214533076,-10.556063922194852
4.400131916481332,0.8657147724869136,0.0,19.361160882437677,0.6488203830819823,3.8092592009890436
2.2887623829757118,-3.874357127880808,0.0,5.238433245724659,-58.15659229917311,-8.867482852507413
-2.223119054639581,-3.548640623185739,0.0,4.942258331101584,-44.68750003877451,7.889050587472293
1.9891216232571043,3.829524421901493,0.0,3.9566048321089777,56.160960975930195,7.617389834395421
-4.158483732394185,-2.329434261041723,0.0,17.29298695258707,-12.640125216350535,9.686914480223674
2.126889445719072,5.3511282388953285,0.0,4.523658714311182,153.227274485195,11.381258173995759
-1.4345790964010077,-3.5033278576198943,0.0,2.0580171838307315,-42.99741508806748,5.025800912380826
1.8588730192563914,-3.5662547322032885,0.0,3.4554089017193723,-45.3562439863387,-6.62921470148812
5.0022891755298255,1.0558358786512778,0.0,25.02289699562286,1.1770346484552618,5.28159638691331
5.244046589266536,-2.4169157997544297,0.0,27.500024630397988,-14.118370098941499,-12.67441905624662
-2.8232502881929546,-3.8965429228889583,0.0,7.9707421897816015,-59.16139336127749,11.000915930002469
-3.4164621869298935,2.282163658209494,0.0,11.67221387472179,11.886126713528927,-7.796925842658334
-2.0253640520191674,-2.134832066139727,0.0,4.102099543211501,-9.729514114666944,4.323812123857208
3.7212797896197514,-3.8944165885788165,0.0,13.847923272632421,-59.06459350424368,-14.492213743438247
-3.8258644019209553,3.1771688615424103,0.0,14.63723842188599,32.071619630082836,-12.155417246266836
5.141416722514008,-1.1606518504853431,0.0,26.434165914546686,-1.5635288689997227,-5.967394833102172
3.194607639946375,-3.4640990680193346,0.0,10.205517973203747,-41.56912768545736,-11.066437348225683
-5.010438306826334,0.6876970419407117,0.0,25.104492026512737,0.325230651274667,-3.4456636024308978
-5.700433585043137,-0.8232167949181656,0.0,32.49494305748775,-0.5578824075086581,4.692692665523079
2.7941029154472647,4.486689710267322,0.0,7.807011102110905,90.31878925211052,12.53627280016517
-3.4075287791619253,-4.0508940463016065,0.0,11.611252380816762,-66.47412849582422,13.803538044108425
-4.765961912771269,0.6865187801074074,0.0,22.714392953986373,0.3235618175451993,-3.271922358394098
0.7937648767038522,-5.18049553131787,0.0,0.6300626794886817,-139.03172469958955,-4.1120953966813865
1.2618761071741431,5.548607950540031,0.0,1.5923313098569696,170.8252714512287,7.001655800862955
3.2474780608521474,-3.385262251751086,0.0,10.546113755716023,-38.795107142149895,-10.993564892792591
3.470608876051959,-1.049226745750203,0.0,12.045125970530641,-1.155069344561175,-3.641455656791766
4.106824776220918,-3.2742193744319232,0.0,16.866009742581994,-35.10130977032042,-13.446645249699579
-4.124296797770381,3.0128613204403116,0.0,17.009824076099015,27.348746501396473,-12.425934296018218
-1.7691944502927828,-3.4977652860549235,0.0,3.130049002946782,-42.79292668779577,6.188226932515119
-5.050550881336721,2.8773976542469732,0.0,25.50806420497113,23.823175804372205,-14.532443258613265
-3.052899980028329,3.8100161948487443,0.0,9.320198288056973,55.30704626112936,-11.631598365161341
0.8603679189390342,3.277662124150001,0.0,0.7402329559394845,35.212150358716805,2.8199953407402307
-0.739188781148702,-3.96826112273558,0.0,0.5464000541761037,-62.48859019490899,2.9332941025946933
4.703030922947021,0.6469922623267479,0.0,22.118499862195907,0.2708303059372231,3.0428246166301465
2.83721780247621,-4.796073046274352,0.0,8.049804858687933,-110.32079095982992,-13.607503828865898
-4.472804151144561,-1.721676613140595,0.0,20.005976974496015,-5.103342786581597,7.700722302183761
-0.06339118479040823,-4.947964252450545,0.0,0.0040184423091316835,-121.1377938209528,0.3136573162634266
-3.837247254689669,3.7562675563819994,0.0,14.724466493623401,52.99922970652816,-14.413727368606699
-3.6537908345993464,-4.059268265356376,0.0,13.350187463002188,-66.88723765769876,14.831717183139116
1.1660407401047188,-5.394443174996243,0.0,1.3596510075839603,-156.9783890056128,-6.290140512225468
-3.102445887143189,-2.4089467537598264,0.0,9.62517048265169,-13.979176940807802,7.47362694854911
-5.147701796463539,3.1800209756606956,0.0,26.49883378531395,32.15806834701106,-16.3697996892003
3.6614951371778264,1.4412034253913355,0.0,13.40654663957687,2.993476526782405,5.276959333754402
1.3314952427932325,-5.146953799502817,0.0,1.7728795815810092,-136.34863977943755,-6.853144498914554
-3.7340929122069997,3.0303451829846404,0.0,13.943449876994551,27.827635354517437,-11.315590469323569
-3.28867363538436,3.9624169637617994,0.0,10.815374280072183,62.212910990460564,-13.031096201123175
-2.069912645289413,-2.311008729433682,0.0,4.284538359129015,-12.342546095937667,4.783586192428998
-4.4197959042584465,0.8009894816930379,0.0,19.53459583529974,0.5139021555970585,-3.5402100305409845
-1.2119689351197676,4.228356016116091,0.0,1.4688686996953433,75.59875437489507,-5.124636138159482
0.7752255151366927,3.501452215921606,0.0,0.6009745993189506,42.92839108195801,2.714415097814341
-0.5671054331622516,-4.853834789184499,0.0,0.321608572322145,-114.35495050876774,2.7526360806184815
-2.5150535609129876,-4.274068862837876,0.0,6.325494414261099,-78.07725665288255,10.749512113067723
-4.072992539936698,-1.4863129236663386,0.0,16.589268230379997,-3.2834526829283877,6.0537414501045
4.28483382343685,2.393879176444569,0.0,18.359800894468457,13.718501683911848,10.25737446445084
-1.169903054296073,-4.588137918215754,0.0,1.3686731564512806,-96.58493516321731,5.367676564052237
3.3124777150849734,-0.05818424620586317,0.0,10.972508612934567,-0.00019697732568371647,-0.19273401892593917
-3.7732257685746196,1.126571065683764,0.0,14.237232700635529,1.4298015992307367,-4.250806975168548
-5.0757784035689335,0.5598927460914473,0.0,25.76352640213679,0.17551511484731339,-2.841891508925873
-1.9883302148007198,-4.102591417307683,0.0,3.9534570430894767,-69.05176779218601,8.157306474014975
5.6502694842149,0.2849909574619481,0.0,31.925545244250113,0.023146921629450666,1.6102757102244318
4.142377879390656,-3.9273039843819206,0.0,17.15929449566503,-60.573623601162495,-16.268377150546456
-1.9214407571190775,4.308713541624337,0.0,3.6919345831183334,79.99132025840322,-8.27893780962789
-4.763699315372661,-0.569667804970592,0.0,22.692831167281962,-0.18486939817272635,2.713726132528256
-4.574900986922264,-1.2993084169250602,0.0,20.92971904014231,-2.193495538799163,5.944207358906863
-3.344272570217255,-4.11101369912339,0.0,11.184159023907524,-69.47791419206263,13.748350349765724
-2.955795823930574,3.0176183445962366,0.0,8.736728952765421,27.478494427536234,-8.919463701173848
-2.9270213117908823,3.8247942459954216,0.0,8.567453759678017,55.953110181732384,-11.195254271243737
-1.8016074867370881,-3.9567125196690562,0.0,3.2457895362671274,-61.94460550321717,7.12844289830214
-2.1022866897926864,5.1019438843299305,0.0,4.419609326079491,132.80273911551,-10.72574872009601
4.343369937559412,3.0161993794692603,0.0,18.864862414494855,27.439749275766193,13.10046971047214
-1.883049608028739,-3.3026499994015186,0.0,3.545875826297188,-36.02364502177582,6.219053786829145
3.461365464084836,1.985391623673031,0.0,11.981050875959234,7.825976794534266,6.872165998865147
2.088893392656236,-4.092486417497922,0.0,4.36347560588288,-68.54278399348978,-8.5487678370468
3.353355810590787,-3.7424651078081856,0.0,11.244995192422994,-52.41713502212119,-12.549817115201856
4.752882378150398,2.154505456006178,0.0,22.58989090053258,10.00098543203569,10.24011101548065
-3.4049289581120297,-4.11875720336969,0.0,11.593541209789873,-69.87125990727309,14.024075673185978
4.218329605752721,-1.0259318136570548,0.0,17.794304662769903,-1.079830255930228,-4.3277185430331375
3.8989065323773304,3.872127798349869,0.0,15.20147214821462,58.05625904352687,15.097064367186155
-4.3685043788095275,3.0333770183353543,0.0,19.083830507678016,27.911242906075827,-13.251320787178184
-5.128446890580435,-0.02174614366729741,0.0,26.30096750950413,-1.0283637486127745e-05,0.11152394287266681
0.02420299398171705,-4.8300397656756395,0.0,0.0005857849176790317,-112.68137009132451,-0.11690142338010154
-2.4375634940055972,4.792500724903748,0.0,5.941715787308775,110.07445952702274,-11.682024812020737
4.313412325751943,-1.377369266247805,0.0,18.605525891948787,-2.6130707256669927,-5.941161570145192
4.232153586736504,-0.3089837038798382,0.0,17.911123981726657,-0.02949896133662556,-1.3076664906181872
4.297421486959293,3.2106387190965955,0.0,18.467831436579424,33.09590920526514,13.797467818309173
2.332080570313968,-3.058814666088092,0.0,5.438599786435923,-28.619331918533277,-7.133402250975448
5.629149095392296,0.9787621322314142,0.0,31.6873195381559,0.937629958499186,5.5095979712547
-0.010451733478383086,5.763097825282088,0.0,0.0001092387327031538,191.4114770818565,-0.06023436247969756
-6.118127286421417,-1.626400660871957,0.0,37.43148149285429,-4.302121052115954,9.950526261934545
-5.207314223271749,-1.2248470508941114,0.0,27.116121419888255,-1.8375771532112013,6.378163469453362
4.041455772495765,-3.378786188921582,0.0,16.33336476103934,-38.57288574799937,-13.655214947246094
3.582444849930644,3.4629946747236433,0.0,12.833911102794593,41.529382259257325,12.405987437800961
2.991237816747615,4.128738852737278,0.0,8.947503676341038,70.38048291595867,12.350039791782908
-4.383874575324313,1.430423068800616,0.0,19.218356292174928,2.9268031681019946,-6.270795323272401
-5.725653943918477,-0.3751005400928762,0.0,32.783113085509214,-0.05277680172454749,2.1476958867487275
-1.9927746298935325,5.879671074021111,0.0,3.9711507255473055,203.26335665338308,-11.716859348428128
-3.8174231876873237,2.6520482246704655,0.0,14.572719793892848,18.652809333870984,-10.123990387722037
-1.3220285302214896,-5.067998163153003,0.0,1.747759434719592,-130.16953289587792,6.700038162798374
-2.0477077001383477,4.1574663273126,0.0,4.193106825205882,71.85983592088401,-8.513275811503906
1.7004847321305983,-3.5979549201538408,0.0,2.8916483242092723,-46.57653245642512,-6.118267408615772
0.35863153699669625,4.292907775452593,0.0,0.1286165793286127,79.11424281309144,1.5395721136956317
-1.3463247178378186,-3.6189835156720296,0.0,1.8125902458610819,-47.39797796825798,4.872326960596862
-5.303994485133825,1.469918437891958,0.0,28.13235749833003,3.175994286658639,-7.796439288175472
-3.1624051442314784,-2.99951960479865,0.0,10.000806296261718,-26.98703140646863,9.485696228438423
3.791904397596741,-9.548064912595477,1.0,14.378538960513504,-870.4545278474583,-36.205349330609934
-8.926065280448361,-6.959900497854949,1.0,79.67464139082567,-337.139076077396,62.12452618927832
-6.483453268848818,-8.421363251578649,1.0,42.03516628934642,-597.2376838347651,54.5995151016109
-6.85718840106591,6.775654377912416,1.0,47.02103276771285,311.066852144156,-46.461938609852474
-0.048209148088407774,9.60657020685324,1.0,0.0023241219594100308,886.5537743018051,-0.46312456572387395
3.9433090181067874,9.080121411943491,1.0,15.549686012282315,748.6433423345163,35.805724649221304
-10.48877990392548,1.1218645215738472,1.0,110.01450387299099,1.4119562549093503,-11.76699004881074
-4.078845840572432,-8.982455852080554,1.0,16.63698339115503,-724.7450771779442,36.63805269038427
-1.8574640394274582,-8.51634531874835,1.0,3.4501726577661698,-617.6746650265217,15.818805176921433
-5.438790311870578,-9.483420495567618,1.0,29.580440056497263,-852.8939286966247,51.578335514688035
-4.579300674977926,8.659667835330088,1.0,20.96999467185329,649.3871662002678,-39.65522276341171
3.7056129261329223,9.284401768907053,1.0,13.731567158323399,800.3165113874774,34.40439920627334
8.887160091324027,-6.806319146999553,1.0,78.98161448882249,-315.3094069291354,-60.48884789202902
9.614679573823697,2.4612331625036874,1.0,92.44206330730262,14.909335043187633,23.663968213941704
9.351215924967766,-3.0150099224163287,1.0,87.44523927537075,-27.407298966881434,-28.1940088004354
-7.833581536409879,-3.891777774188687,1.0,61.36499968758176,-58.944610258834565,30.486558515694835
-7.83067378257032,-5.3341230747850386,1.0,61.319451889034156,-151.77110495380674,41.76977771472258
-6.064783900215265,-6.255977616956152,1.0,36.78160375631028,-244.84179717384956,37.94115233142273
-0.549141418917836,-9.972389492884838,1.0,0.30155629797109423,-991.7396970199494,5.4762521161240985
9.639426506946098,0.7977385447138332,1.0,92.91854338281505,0.5076702683170975,7.689742073527129
4.91646223396301,8.424045494233479,1.0,24.17160089798455,597.8085344040878,41.416501529585155
-6.460986321769951,-8.71475316008673,1.0,41.7443442500984,-661.8586840866229,56.30590096492182
-9.213240766114625,-3.3745803166775867,1.0,84.8838054143964,-38.429019792250664,31.090820942141942
-2.542037908205208,-9.24958196371327,1.0,6.46195672675231,-791.3458251600098,23.512787986810302
6.021444854402577,-7.8907372040853225,1.0,36.25779813461127,-491.30675937165205,-47.513638934982545
-8.58219616512178,5.9452453128448255,1.0,73.654091016631,210.14029499231884,-51.023261524605104
5.763859505328853,7.182247564349746,1.0,33.222076397169765,370.4939428307954,41.397465893402284
2.4291997027782295,8.902969243417042,1.0,5.901011195977839,705.6748167374225,21.6270902399524
-5.577689012110171,-8.591478230809384,1.0,31.110614715814535,-634.1670628433242,47.92059372576924
5.366097492229756,9.139142267095812,1.0,28.79500229611448,763.337000181252,49.041528400593805
3.3991868108676204,8.817113469431689,1.0,11.554470975176384,685.4555380204762,29.971015815215445
-8.377543252973423,-7.150943276947925,1.0,70.18323095544052,-365.6705621137467,59.907336602190746
-7.588225544862281,-5.263712171262015,1.0,57.581166919700465,-145.83991411178155,39.942235158772924
-9.141586562343674,-6.962450996806712,1.0,83.56860487682243,-337.50985206966624,63.64784847338456
2.2732083813315307,-9.458177455014297,1.0,5.167476344955918,-846.1013228624196,-21.500408262859427
-8.84344810803139,5.195658612259793,1.0,78.20657443944398,140.25612056799062,-45.947537324565864
3.1576585052785577,9.557810420283163,1.0,9.970807235958015,873.1226127704342,30.180301365447157
3.1541623322131724,-9.576598572856991,1.0,9.948740017952439,-878.2817322598714,-30.206146489231944
5.394335413835973,8.625875045815365,1.0,29.098854556964923,641.8144460536173,46.53086323496582
-10.310697234057171,-1.9798595168161315,1.0,106.3104774523942,-7.760739866404132,20.413732043857856
0.5295719461268981,10.503832536592705,1.0,0.2804464461246302,1158.893074216938,5.562535038194431
5.334028492699205,-9.332410438817217,1.0,28.451859960926953,-812.7958777845992,-49.779343186214525
-8.52062306149723,2.5255904566072624,1.0,72.60101735611842,16.109749355866352,-21.519604288465157
-7.536678316673312,6.2802837344488,1.0,56.80152004901367,247.70672361479822,-47.33247824397636
2.2511289851024623,-9.10596082229385,1.0,5.067581707568442,-755.0528173015437,-20.498692344273138
-9.501828920440417,4.119860237912406,1.0,90.2847528333179,69.92741110869166,-39.14620715676864
-11.320166460375475,-0.4121234778130029,1.0,128.1461686906098,-0.06999742570056183,4.6653063710720515
0.7180531661266634,10.336108503191971,1.0,0.5156003493845256,1104.2595885517271,7.421875436145722
8.857590665340263,-5.892212573146923,1.0,78.45691239472296,-204.56683194057305,-52.190807086106716
-9.199732652666851,0.9823337305638664,1.0,84.63508088054466,0.9479319693279383,-9.037207696884442
3.924449214321336,-9.071273767135752,1.0,15.40130163578735,-746.4570461279592,-35.599753208329645
9.851069490787554,0.4328972684948388,1.0,97.04357011232536,0.08112496762673932,4.264501074314774
-7.6377486101469625,4.012663247960819,1.0,58.335203831801856,64.60976222695751,-30.64771314510054
-7.574218781722219,7.50447058147596,1.0,57.36879015339361,422.62986040063925,-56.84050202509708
-2.7526962351117477,-8.78579695478913,1.0,7.57733656279839,-678.1776712509024,24.184630199904298
6.470261340918584,-6.982339565995763,1.0,41.86428181978555,-340.41046040276154,-45.17756176302863
5.4420316650176925,8.8126378829021,1.0,29.61570864305524,684.4122514789133,47.95865441108771
1.4074196969703587,-10.198776693318628,1.0,1.9808302034201364,-1060.826227309044,-14.35395920317886
4.10138178807891,-9.034950016749463,1.0,16.821332571585355,-737.5258773608044,-37.055779454899486
-8.400929595820138,-5.750594500950449,1.0,70.5756180739267,-190.16834815992405,48.31033953659516
1.7457482630205294,9.683931129850071,1.0,3.0476369978391955,908.1447497435671,16.905705949146196
-8.25885581224556,-4.164741589519554,1.0,68.20869932746227,-72.23774484510862,34.396000283104385
3.084954067349783,8.303697818957788,1.0,9.516941597657969,572.5515687738092,25.61652636063735
8.749661371829777,0.6590045258267285,1.0,76.55657412169015,0.28619707548216766,5.766066443487126
-8.985906672927799,-2.0858391332112314,1.0,80.74651873456834,-9.074912232637594,18.74315578577674
-4.58310952164239,-9.12206646421241,1.0,21.004892887369138,-759.0662756064962,41.807429669186625
-1.0835883430814373,9.660393841718319,1.0,1.1741636972619747,901.5389552239365,-10.467890156461674
-5.8597993599733496,8.5589498613735,1.0,34.33724853914408,626.9912020055302,-50.15372891972043
-8.613277910919155,-5.1255470622573105,1.0,74.18855637072785,-134.65443952285585,44.14776129271746
-3.546617824065149,-9.908504467094213,1.0,12.578497989976611,-972.8017171558337,35.14167855282548
-10.807926600429342,1.17157400743221,1.0,116.81127740026815,1.6080856762443418,-12.662285879298187
4.687512027662525,-7.715617777753968,1.0,21.97276900948083,-459.31657237459183,-36.16705113406852
-9.212187368327994,4.302524880447066,1.0,84.86439610918185,79.64713737226934,-39.635665355571376
-5.8427283579355445,8.14155357735663,1.0,34.137474664624186,539.6620211865834,-47.56888596407316
2.7915839066941124,10.695513219172335,1.0,7.792940708113563,1223.5025715103882,29.85742257647563
-8.802521205009109,-6.0239606374560575,1.0,77.48437956463502,-218.59809661999864,53.02604124934714
4.772500177698549,8.768175522138566,1.0,22.776757946132683,674.10524292261,41.84611923749838
-5.278783225041406,9.766124913623347,1.0,27.865552336978546,931.4656083721942,-51.553256367693876
9.741094864671494,-1.5036313047972747,1.0,94.88892916252935,-3.3995706939507375,-14.64701518152003
5.580412527242902,7.56509292165225,1.0,31.14100397420951,432.95504082339113,42.21633930974482
3.2232124888972633,9.811887394152828,1.0,10.38909874858329,944.6211522012306,31.62579798848702
7.478461786134627,8.296924918739355,1.0,55.92739068667591,571.1517083842907,62.04823594722041
1.6202867984709377,-9.923989124743105,1.0,2.625329309299201,-977.3696278531778,-16.07970856699041
0.6509454405442625,11.604875884196677,1.0,0.423729966565364,1562.86512439222,7.554141044899893
-8.109653471245405,7.532026996438966,1.0,65.76647942368265,427.30266739134885,-61.08212887718536
-5.457252207166892,-8.372049258377565,1.0,29.781601652627916,-586.8070525247375,45.68838429379091
-3.8577442189816558,9.01646491333084,1.0,14.882190459086384,733.0082979239396,-34.783215395052984
-1.5550431965967102,-8.749383548097994,1.0,2.418159343281715,-669.7802936788635,13.60566936088497
-3.6180800573707272,-7.929649484638962,1.0,13.090503301543764,-498.6111335525386,28.690106662312296
-7.6334128556526135,5.786480111614255,1.0,58.26899182484259,193.75075089329175,-44.170591672974425
-9.775142250235284,4.981167290490792,1.0,95.55340601233493,123.59286017160638,-48.69161883676656
-7.25804420882776,6.06245766700609,1.0,52.67920573729819,222.81588896455003,-44.001585761277006
-8.991305192182574,4.90313485312543,1.0,80.84356905896932,117.87494796280244,-44.08558186287803
-0.8765017461444943,-10.132925891265057,1.0,0.7682553109943475,-1040.410194863038,8.881527237246578
-7.327488393326024,-7.84848648938463,1.0,53.6920861543276,-483.4568800191698,57.50969365614199
-7.203992732761717,-6.215245553524061,1.0,51.89751129368363,-240.0904439162534,44.774583799916904
4.057651294790324,-9.287221486711612,1.0,16.46453403011359,-801.0459128726653,-37.68430629055989
-9.596209364029288,1.83379274636453,1.0,92.08723415828341,6.166670612697067,-17.59745912435229
-0.886667934740312,-10.556078559222529,1.0,0.7861800264966502,-1176.2722211703149,9.359736375062328
-8.403263055399123,-4.811984298379703,1.0,70.61482997823579,-111.42242460230105,40.436369877734826
5.808801286286927,8.813444839563434,1.0,33.742172383568665,684.6002797196836,51.19554972067496
-6.962822511914846,-8.164792428585319,1.0,48.480897332428164,-544.2963785497616,56.85000052686574
-6.474152159193912,-9.303441644237923,1.0,41.914646180395195,-805.25033394431,60.23189680897751
6.21107709345322,-7.7507197161772305,1.0,38.577478660819295,-465.614070902357,-48.14031768692464
-7.4507756435512675,6.760022689870848,1.0,55.5140576905368,308.9188866283669,-50.36741240754364
1.9641293933118336,8.84896892100483,1.0,3.8578042736715115,692.9118831710458,17.380519958248488
-8.572058441372548,2.5520653585521273,1.0,73.48018592230635,16.621697623416345,-21.87645339971122
-10.346224131062705,2.0958253466932955,1.0,107.04435377018423,9.205879058698024,-21.68387877645103
-5.937910113681387,-8.465280300243789,1.0,35.258776518159706,-606.6302023922716,50.26607350996541
10.981220351358807,0.9143243172314859,1.0,120.58720040509685,0.7643650323959853,10.04039680012464
-4.27389085140422,9.788997043891861,1.0,18.266143009716686,938.0253862663172,-41.83710491031238
-9.621624205319348,-0.5594230232208837,1.0,92.57565234838718,-0.1750737393298326,5.382558101234982
-5.712444026299241,-8.919001986268855,1.0,32.63201675360188,-709.494089573593,50.94929961701258
-7.618637875901377,4.516363258548429,1.0,58.04364308411904,92.12268704729084,-34.408536182906424
-8.157432914563692,-5.9974347010315165,1.0,66.54371175560709,-215.72306614818052,48.92367123314095
-8.393935174270366,2.9270610982366563,1.0,70.45814770985328,25.078142361863915,-24.56956110972712
-6.8192217413296925,8.64552554812532,1.0,46.50178515742356,646.2107754219116,-58.95575578299749
11.210232297623474,0.0058937006717853626,1.0,125.66930816668047,2.047218632677648e-07,0.06606975362337343
-0.1124668256461299,8.93966616452714,1.0,0.012648786870916983,714.4369429905516,-1.0054158758604808
-3.0207869030643213,7.876426384424088,1.0,9.125153513724934,488.6384693093282,-23.793005665018548
8.882242898354894,5.166004082696307,1.0,78.89423890537596,137.86824116781727,45.88570307640166
-8.164304584120071,-3.6523857000197917,1.0,66.655869342284,-48.72253780175159,29.81918931364618
9.751540126804736,-3.82655042655451,1.0,95.09253484468293,-56.03021934111739,-37.31476003178808
8.70849104052149,3.8417471279228264,1.0,75.83781620284307,56.70042651812239,33.4558204434651
5.213303749753249,10.320737523213182,1.0,27.17853598719128,1099.3404288175777,53.80513962998634
-5.2322879198922285,-11.24713661110588,1.0,27.376836876650145,-1422.7412087219004,58.84825702366691
1.6726319429732168,-9.714606848726154,1.0,2.7976976166543586,-916.8022870833137,-16.248961728605746
5.941511897382661,8.533741981025537,1.0,35.30156362673971,621.4676450959787,50.703329509457106
2.173288062481671,-8.036576380008519,1.0,4.723181002525335,-519.0548218524603,-17.465795509894676
7.662224294987557,6.0694233320252,1.0,58.70968114669757,223.5848072338759,46.505282911207814
2.1692598599197357,-8.80860016088317,1.0,4.705688339858991,-683.4719426295243,-19.108142751086387
-9.415077794190273,5.786473807644931,1.0,88.64368987065477,193.7501176599085,-54.48010105302143
-7.89919479635316,-7.477759809531656,1.0,62.39727843073284,-418.1330859445104,59.068281375831255
-11.205865278444897,-1.8927105480231068,1.0,125.57141663865693,-6.780357723584827,21.209459412238544
-1.3709092623430772,10.947200564020337,1.0,1.87939220557804,1311.9256543006597,-15.007618649942838
-7.076600326652284,7.925432772095254,1.0,50.07827218317521,497.8161241437159,-56.08512014386999
2.1129018898816097,9.407708834137203,1.0,4.464354396265278,832.6291340278858,19.87756577510441
5.09610722806061,8.874967005927353,1.0,25.970308879891597,699.0371255077241,45.227783507705816
-5.4921936364593975,-7.222853494391332,1.0,30.1641909403651,-376.81346867936077,39.6693099989746
3.383391340514766,-8.27788038281551,1.0,11.447336963070306,-567.2277109027146,-28.007308805035056
8.15255693701335,5.047704490353153,1.0,66.46418461124448,128.61208111447075,41.15169825882203
3.616224266495917,8.693271751016809,1.0,13.077077945593935,656.9763977284308,31.436820261270437
-4.705943632592594,8.669965192456255,1.0,22.14590547313878,651.7065136971877,-40.800367492238934
-2.068378821134508,-8.224116278988273,1.0,4.278190947717777,-556.2470570582607,17.01058793400688
7.986172500108529,3.4554732907925128,1.0,63.778951201489704,41.259372748976766,27.596005769786686
11.030142029455677,3.3972849037754576,1.0,121.6640331899646,39.20991563474245,37.47253500316896
-0.6743313114893507,-8.993104276094359,1.0,0.45472271765494765,-727.3256226402515,6.064331800859196
-2.8318880998683844,10.505627180279935,1.0,8.019590210176169,1159.487187508248,-29.7507605934886
-7.0681573616786295,7.090105390869146,1.0,49.9588484894518,356.41672263250007,-50.113980613549096
-5.366464669220069,6.268889845908083,1.0,28.79894304598727,246.36097605046746,-33.64177587329817
7.15210389861045,5.442245667277072,1.0,51.15259017651881,161.1886384508284,38.92350645412817
9.993964910432942,-1.6905305014285852,1.0,99.87933463096492,-4.831355922398899,-16.895102511293885
9.583297723090878,-2.28422942776108,1.0,91.8395952493988,-11.918433201800685,-21.89045067407994
-7.983928402634646,3.8553863279369023,1.0,63.74311273839621,57.306476788511034,-30.781128406744727
5.555470748074871,-8.61685039912078,1.0,30.863255232715566,-639.8020968888765,-47.87066033285277
8.68173693283851,2.651407779420776,1.0,75.3725561710122,18.639299151388236,23.01882484261269
9.685276856703442,0.15880053979920353,1.0,93.80458779099531,0.0040045703092008965,1.53802719294924
-6.1352133113943745,-8.665858071093826,1.0,37.64084237631073,-650.7807764261843,53.16688779242922
-5.222359273309693,7.3747659317442045,1.0,27.273036379523745,401.0926672309944,-38.513677252132744
8.72543420004202,7.516058747487133,1.0,76.13320197926294,424.59072015558183,65.58087604484922
1.0020445016967285,10.429493821744842,1.0,1.004093183380645,1134.4613213642735,10.450816939559418
5.280737592528497,-8.01461090957328,1.0,27.886189521143663,-514.8104212454729,-42.323057119672626
-9.614475989594112,-4.015417774738396,1.0,92.43814855448169,-64.7429093457026,38.60613778341173
-9.647323371044381,-0.32880006666388545,1.0,93.07084822549912,-0.03554640549299035,3.1720405675274526
9.0237462542173,3.9598464634705666,1.0,81.42799646050076,62.091913184729265,35.73264969201815
-2.3886318789160232,9.190514094189137,1.0,5.705562252973891,776.2818214574309,-21.95275494900719
-9.430346315241673,5.381272682646894,1.0,88.9314316253922,155.8314092511745,-50.74726501410981
-9.868280929613128,-0.7033677235274856,1.0,97.38296850576614,-0.34797440906033905,6.941030292591685
-6.4409715347808305,7.756040623116047,1.0,41.48611431185693,466.5736683703572,-49.95643687609424
9.7194613919739,-4.275252637930738,1.0,94.4679297500712,-78.14214904183241,-41.55315295530237
-9.596649798084407,0.38160664304882946,1.0,92.09568734707348,0.0555709446001341,-3.6621453139622178
9.551457946590276,4.051578158894176,1.0,91.23034890548253,66.50781251832949,38.69847840200138
8.227751143927453,-3.8059306672487465,1.0,67.6958888863995,-55.12931768389373,-31.314250401164447
-9.7500048456152,-0.5995801412558976,1.0,95.06259448951988,-0.21554686978881318,5.845909282579648
-6.748176428255077,-7.205698768588972,1.0,45.537885106857445,-374.13497415684003,48.625326579298736
8.096114701829695,-2.8717090296102543,1.0,65.54707326518293,-23.68215947091663,-23.249685694004665
-7.545377277636191,-6.984464093788753,1.0,56.93271826186853,-340.72128668915013,52.700416669739504
-6.737441815327579,-7.905041796080464,1.0,45.39312221492459,-493.9835780553792,53.25975914882475
0.21640280935057604,9.934631521146514,1.0,0.04683017589482176,980.5173681627867,2.1498821710388922
-10.60786941632329,0.5333478136970913,1.0,112.52689355376701,0.1517160606162697,-5.6576839611802665
9.45622399764563,-1.814252564976485,1.0,89.42017229364909,-5.971634759060299,-17.155978642720772
-9.04972698820102,-3.4037156511731093,1.0,81.89755856097389,-39.432999655831075,30.802697388583493
4.50243068473165,-8.704788843418214,1.0,20.271882070813117,-659.5910013366521,-39.1927083927159
9.260203087708465,-4.933460168701482,1.0,85.7513612256054,-120.07563128147625,-45.684843087296194
-5.7116959230294695,7.511131231867564,1.0,32.623470317151465,423.7561846041242,-42.90129763439728
-5.440129836825828,7.631565427204257,1.0,29.595012641522608,444.46840605423046,-41.51670678222232
-9.897791044925578,-3.660692529474199,1.0,97.96626756900896,-49.05573180978174,36.23276973645569
4.436473688331359,-9.101899884489026,1.0,19.682298787256457,-754.0430868514836,-40.3803393513618
-10.389982901998492,3.167357045399634,1.0,107.951744703821,31.775403051425325,-32.90878554622665
10.108007478029524,3.5255979097738432,1.0,102.17181517590078,43.822620113635814,35.636770036519266
-4.337386231666099,6.686484021351631,1.0,18.812919322646643,298.9464725880468,-29.001863732465935
-2.3939685983791628,-9.616332280596579,1.0,5.731085650025493,-889.2592355054871,23.02119751132809
-7.235129046451828,7.976745825578765,1.0,52.34709231881094,507.5481640953462,-57.71278541880829
-5.04245485565775,-8.567459156834708,1.0,25.426350971346423,-628.8631230478024,43.20102602603063
-1.0708393084119954,10.388666661733108,1.0,1.1466968244402806,1121.190564413609,-11.124592623373035
-6.415166477721844,8.7182858495093,1.0,41.154360936886086,662.6639010791866,-55.92925512496877
-7.799845848181652,5.917054126884807,1.0,60.83759525539656,207.16511535607327,-46.152110065048575
5.895626364392442,-7.480164963088894,1.0,34.75841022851924,-418.5366818630868,-44.1002577663915
11.53673059420417,1.7269537287539698,1.0,133.09615280324653,5.150413578093114,19.923399917290894
-4.221672620427354,-8.868192289266888,1.0,17.82251971406596,-697.4375147209984,37.438604580283
10.037065819426198,5.576816112172249,1.0,100.7426902634937,173.4438772485966,55.97487038070938
4.096715850643621,-8.595158938622564,1.0,16.783080760914686,-634.9824698337018,-35.21192386265626
3.172177406773584,-8.396890730320271,1.0,10.06270950004478,-592.046073386596,-26.636427061868503
8.352417890936339,-5.275783644090669,1.0,69.76288462483343,-146.84559775338434,-44.06554969761222
2.530540555109762,-9.81890586738099,1.0,6.403635501055222,-946.6496737629192,-24.847139504212787
-6.684740088880134,9.073392459037894,1.0,44.68575005588118,746.9801971034206,-60.65327031307331
5.031586129583543,8.621823128790663,1.0,25.316858979417496,640.9104134322299,43.38144566654568
-0.05023157504683047,-9.441613271888903,1.0,0.0025232111316853614,-841.6637511085356,0.474267105630038
3.698341181965612,9.2530719036715,1.0,13.6777274982228,792.2419061680993,34.22101688103725
2.086035884106551,8.901494326380238,1.0,4.3515457097802,705.3241564024753,18.568836587000046
1.3983825429686976,11.270445962356273,1.0,1.9554737364796013,1431.6053186407867,15.760394885231056
0.3617551333294478,-9.757742847494812,1.0,0.13086677649020656,-929.0692923709779,-3.5299135647899518
9.822898516593606,-1.380302421381741,1.0,96.48933526729685,-2.6298001725048072,-13.558570607441265
5.949691297083262,-8.101161753019658,1.0,35.3988265305883,-531.6697006454102,-48.19941157820484
8.619300469900185,5.649332091235768,1.0,74.29234059042156,180.2981686085543,48.69329074861065
5.787873692372358,-6.720867739323205,1.0,33.49948187885603,-303.5820203389185,-38.89953357834286
-9.991386211958835,2.624677420434127,1.0,99.82779843652112,18.08122311995657,-26.22416578936522
9.144651028970106,-3.525732974280919,1.0,83.62464244164401,-43.82765679747429,-32.24159767113184
6.355241341473643,-8.713159749926234,1.0,40.389092508375704,-661.4957066671155,-55.37423305759535
3.864630763069979,9.186392810761681,1.0,14.93537093486685,775.2379702836904,35.50201625811449
-2.30118043947494,-10.02380926941498,1.0,5.295431415022078,-1007.1598007608259,23.066593819805338
-9.26562728523913,3.956441995557618,1.0,85.85184898896786,61.93190074118671,-36.65891690650462
0.8694630335406177,9.625860872429138,1.0,0.7559659666936533,891.905292304581,8.369330194582176
0.5264311766261337,-10.53691168811237,1.0,0.27712978372397556,-1169.8765090249926,-5.5469588179786555
2.4450834405659094,10.363495856202737,1.0,5.978433031329625,1113.060662415424,25.339612104374734
4.639276681654844,10.196541290910574,1.0,21.522888128946384,1060.128833735291,47.30457624445221
-8.427657289649192,-4.240279244241074,1.0,71.02540739177716,-76.2400854156986,35.735620282876454
10.786894660945396,-0.2981160627046873,1.0,116.3570964263323,-0.02649452454151756,-3.215746565131255
1.4658477242524908,-9.682920381714208,1.0,2.148709550696206,-907.8604200229156,-14.193686805653831
-8.536073410664965,-3.575962995071423,1.0,72.86454927226141,-45.72766735847788,30.524682639751028
-4.116465278266672,-10.306471115414798,1.0,16.945286387175106,-1094.7878561218904,42.42623048806339
-9.442391772884823,-1.2803042038062258,1.0,89.158762392643,-2.098647577929942,12.089133880809761
-6.097881150568268,7.00392510142439,1.0,37.184154526455785,343.5773135047022,-42.709102855967735
-7.711181334956966,-4.992523589075655,1.0,59.462317580588696,-124.44010721357193,38.49825471441255
-1.96602676383434,9.248498491096683,1.0,3.8652612361129277,791.067768993174,-18.18279555877759
-10.372196028419486,3.3500586700188277,1.0,107.58245045196097,37.597350307452906,-34.74746523214155
-10.043144016035308,-0.10073694539536308,1.0,100.86474172682581,-0.0010222716886421975,1.0117156503411164
-4.59099692562424,-10.082123689636909,1.0,21.077252771091224,-1024.8399897698928,46.286998862886364
-6.353800698951894,6.45996631647328,1.0,40.37078332200158,269.58191901959714,-41.04533849681362
9.306183756215198,2.6345873646230773,1.0,86.6050561044436,18.286804160103117,24.51795413698509
8.260768466017016,6.850088354455641,1.0,68.24029564914112,321.43156259625897,56.58699386791755
-2.7929823028222844,9.99763413005112,1.0,7.800750143878471,999.2904069223118,-27.923215195324843
8.618118669279724,-5.329879223533907,1.0,74.27196939778773,-151.40914385360088,-45.933531641343684
8.26040836141861,-5.726511199050911,1.0,68.2343462973945,-187.7890838315654,-47.30332099039746
5.6582821822558484,-8.266638063624123,1.0,32.016157254034006,-564.919765644824,-46.77497086256236
-4.254527844389132,9.597000708711992,1.0,18.101007178682437,883.9070149952596,-40.8307067378374
-11.441114846277024,-1.728554094320173,1.0,130.89910892570055,-5.164745494088053,19.776585911119465
11.286008531689873,3.6902866183208403,1.0,127.37398857737661,50.25511778057991,41.64860625874997
0.8795675266175219,10.27752639300029,1.0,0.7736390338800652,1085.5899201966724,9.039778469237566
-5.124780031382809,-8.68432348005598,1.0,26.26337037005998,-654.9497429242994,44.50524755665975
-9.430041362948202,-4.742171641775241,1.0,88.92568010691399,-106.64286580840789,44.718874732140506
9.42799922511708,5.00099226503164,1.0,88.88716938880826,125.07443464719839,47.14935119953482
8.676536257835362,7.091139564244572,1.0,75.28228143353168,356.5727078110514,61.52652953853888
-2.0504879010882013,11.11999766268146,1.0,4.204500632509097,1375.036060941017,-22.80142066745741
9.407622231149581,3.20879179677298,1.0,88.50335604401982,33.038826715062726,30.187101042451896
-6.688386434736804,-6.289396194125776,1.0,44.7345131003713,-248.78652877146823,42.06591218747612
-7.561752400701224,7.310241063711694,1.0,57.18009936951072,390.65653678821724,-55.27823291322657
1.2516812327719302,10.091059890090214,1.0,1.566705908473459,1027.5674791943904,12.630790283203499
-9.208672722469409,-1.0975373973493232,1.0,84.79965330955216,-1.3220807500027965,10.106862692860782
-2.367059014112314,-8.700467678208382,1.0,5.602968376290359,-658.6092013995474,20.594520444695984
-0.25735560453399975,-11.602627731237192,1.0,0.06623190718506047,-1561.9570028569806,2.9860012739554973
-5.468939542746635,8.04186348266705,1.0,29.909299722217774,520.079923268314,-43.980465197728
-4.819131193800476,-10.019855024564123,1.0,23.224025463060798,-1005.9683418565377,48.2869959062354
0.6378838319832641,-9.656103910641377,1.0,0.40689578310565316,-900.338438094665,-6.159472564548504
7.967789233258519,-7.116511067791043,1.0,63.48566526563038,-360.4137799903696,-56.70286026431056
-8.419823752380397,-4.088166088468259,1.0,70.89343202114911,-68.32593669420035,34.421637935361105
7.848423282333766,4.537519162399578,1.0,61.59774801867872,93.42334571291879,35.61237103821245
10.208686769910715,-3.14257361718303,1.0,104.21728556615007,-31.03533091840069,-32.08154970920686
0.2346654023638627,10.124856984826714,1.0,0.055067851066593586,1037.9267198766456,2.3759536382209268
-7.650884790187174,-5.076951656522817,1.0,58.53603807271744,-130.86065327448966,38.843172209406
-7.746879144138657,-5.389095385747564,1.0,60.014136473890495,-156.51198940043685,41.74867064962167
9.496733349562318,-4.851842317965237,1.0,90.18794431268911,-114.21418216393623,-46.0766527478382
3.390885286498399,8.520927657769311,1.0,11.49810302619133,618.6722471420414,28.893488222047225
-5.3351976424441006,8.001211073325939,1.0,28.464333883941087,512.2325612811229,-42.68804245510618
1.0506295292094094,-10.170304585626713,1.0,1.1038224076467853,-1051.9664246994946,-10.685222318713292
-5.577580181553679,-8.296781661211579,1.0,31.10940068166037,-571.1221237961059,46.27596496425171
7.61692310944256,6.9510841666775,1.0,58.01751765516011,335.85950339154664,52.94587362484613
-5.772637358573729,6.975868332196135,1.0,33.32334207360108,339.4648598652703,-40.26915814292682
7.570343340537954,5.117723291363637,1.0,57.31009829362734,134.0387599526257,38.742922437490684
0.49745403627685886,-10.402197682004608,1.0,0.2474605182081384,-1125.577254557423,-5.174615223062978
-10.288917270034995,2.4812173337623786,1.0,105.86181858962438,15.275464295867447,-25.529039876057922
0.07821938653377908,-11.157912403584602,1.0,0.00611827242972074,-1389.1490390543697,-0.872765063206032
-9.616874055908752,-0.9178299925819002,1.0,92.48426660721086,-0.7731909035984004,8.826655443395799
8.73530932940532,4.601284797814641,1.0,76.30562908039562,97.41758174712908,40.193646021601104
-5.373918058799492,8.106533574723258,1.0,28.8789953026913,532.728041100329,-43.56384717146972
-5.079443342320915,5.924902227683479,1.0,25.80074466784827,207.99053122008033,-30.095205174309203
-9.640829283176474,-2.018205146685344,1.0,92.94558926735301,-8.220456358102947,19.457171277621534
-5.968287262624585,7.056881286441882,1.0,35.62045284920686,351.42967824095683,-42.117494695724886
-5.319151718985943,-8.656716325299966,1.0,28.293375009591117,-648.7233926314497,46.04638752249299
7.798182257049403,6.668458008246246,1.0,60.81164651416012,296.5352060240815,52.00185092178487
4.7696384189168715,8.91786302225565,1.0,22.749450647207833,709.22231531644,42.53498208558867
-8.06066141793453,-6.345570538866692,1.0,64.9742624945783,-255.51242783684899,51.14949561742476
4.989858131253691,-8.76854660438725,1.0,24.89868417003858,-674.1908339588185,-43.753803573178665
10.588151993709245,0.3375122827394111,1.0,112.10896264188905,0.038447556770111496,3.573631349388654
-0.882396107266594,9.468634334395919,1.0,0.7786228901192385,848.9107536218925,-8.355086077801776
8.466669061952272,-4.60151239523217,1.0,71.68448500461977,-97.4320384180804,-38.95948263490211
5.3998471016115905,8.239085886238062,1.0,29.158348720783096,559.2900462636786,44.48980404273156
-6.44383442813507,-7.848239568826376,1.0,41.52300213721883,-483.4112514687812,50.57275633385534
1.3259131800007218,11.275098820657396,1.0,1.7580457608996265,1433.3791101188228,14.949802132120237
7.6518208795590725,4.851409314013946,1.0,58.550362772856175,114.18360566819341,37.12211508425927
-4.527036412886195,-8.259829718390874,1.0,20.494058683597512,-563.5251230019671,37.392549899395014
-7.156995950885327,-8.368444581239887,1.0,51.222591040988966,-586.0494102959448,59.892923983142126
8.640242207389802,-2.7753476097605208,1.0,74.6537854023602,-21.377265818209274,-23.979675558031254
1.7506768127781698,-9.002304924920661,1.0,3.064869302799131,-729.5602402102961,-15.760126493617324
-9.998016521727015,-0.7543349042751796,1.0,99.96033436872636,-0.4292325130621831,7.541852835858612
-0.9979809504066443,9.933150475938714,1.0,0.995965977374549,980.0789098065424,-9.913094952509528
-3.9362649715751394,9.88726848012602,1.0,15.494181926449434,966.5603632682506,-38.91890858287902
10.086178337544272,1.6210025815796196,1.0,101.73099345674733,4.259426411425769,16.3497211234317
-9.402871962954379,-5.263621740435891,1.0,88.41400115171353,-145.8323976308783,49.49316128674177
6.2434756814070695,8.444120049761045,1.0,38.98098858432147,602.0924718021022,52.720658181564936
3.512947801196508,10.14130893115384,1.0,12.340802253931379,1042.994547453848,35.62588891095139
6.596301581931451,-6.063179837894085,1.0,43.51119455979136,-222.89552514150316,-39.99456275623563
-10.41212382255873,-2.8309110813112426,1.0,108.41232249629502,-22.687084325384223,29.475796709266284
2.2813892284169817,-11.07543580482391,1.0,5.204736811537031,-1358.5714149245327,-25.26737994514903
5.743339784992413,8.775608933891144,1.0,32.985951885876695,675.8211590071538,50.401303927551865
-0.4280254101145547,10.189470881784203,1.0,0.18320575170373274,1057.9250428425132,-4.361352453025996
6.997116736861355,-7.299462968193884,1.0,48.959642629265296,-388.9311510410306,-51.075194504849094
9.834410650822974,0.20577980047897934,1.0,96.71563284902035,0.008713812794179264,2.023723061554701
-7.551764423897834,6.451406552600684,1.0,57.02914591404898,268.5117115983433,-48.71950248803121
-6.8067947270315585,5.377854903676632,1.0,46.33245445594463,155.53468067927636,-36.60595440108691
6.5319543357602425,-8.838622909608587,1.0,42.66642744445703,-690.484313624658,-57.73348123656762
7.86461286742292,6.099412250032019,1.0,61.85213555443417,226.91539579260672,47.96951606531881
4.677995220805392,9.74724839656552,1.0,21.883639285878086,926.074873535849,45.597581415136524
9.188065805872613,0.9481429790864487,1.0,84.42055325304555,0.8523569377735929,8.711600085222392
3.3316039159024453,9.697440580994613,1.0,11.099584652456508,911.9507434037898,32.308031013872935
8.448270719350912,-5.651370582327392,1.0,71.37327814744198,-180.4934140861189,-47.74430861487762
-0.9589501114027705,-9.691149244199435,1.0,0.919585316159386,-910.1769760408996,9.293328647345923
-8.629199758352915,4.696270625600292,1.0,74.463088469558,103.57605041275345,-40.52505734758993
-6.419635521694246,6.190138430864203,1.0,41.21172023139855,237.19257174836918,-39.73843255498052
-0.09407240920291389,-8.81259134392295,1.0,0.008849618173240478,-684.401408523699,0.8290216990435766
2.2382157756401866,10.727810088023707,1.0,5.009609858324602,1234.6197786138205,24.0111537770866
-5.971566068064663,-7.8464377385236315,1.0,35.65960130526126,-483.07837742390916,46.85552135454975
2.851744175407794,10.392181916930358,1.0,8.13244484197228,1122.3290949472964,29.635844251384352
-8.803780430396538,4.68764305534611,1.0,77.50654986663305,103.00625637749906,-41.26898019534032
9.879166736470843,-2.9219261402439365,1.0,97.59793540699197,-24.94638963341597,-28.866195531122536
11.144698708649555,-3.9113882401891447,1.0,124.20430930657506,-59.84016427336537,-43.591243469463016
-2.8344397280309104,9.748729330822522,1.0,8.034048571839941,926.4970432589511,-27.63218571310355
9.861288454792382,3.8755558157241485,1.0,97.24500998862152,58.210588227944726,38.21797382150402
6.026349023752023,-8.456410944548772,1.0,36.31688255607696,-604.7254395582459,-50.961283840127415
10.084746141846175,-2.5931417917188746,1.0,101.70210474548131,-17.43728208664526,-26.151176679297
-9.44655072913799,0.4876638174578384,1.0,89.23732067817748,0.1159742578554227,-4.606740990380558
5.595673160148763,7.443690552930112,1.0,31.311558115209248,412.443944224721,41.652459439483934
-2.575749325309571,-9.649719602117504,1.0,6.63448458683271,-898.5537932206747,24.8552587545807
-5.5806735363684945,8.778456051498148,1.0,31.14391711952364,676.4791532259346,-48.989697376769584
7.776554374176735,-5.962329836373442,1.0,60.47479793452731,-211.95711161491423,-46.366382169334344
9.074662648611577,-4.340546140196691,1.0,82.34950218610608,-81.77736851849316,-39.38899193301806
-9.177613976401721,3.5216591875856724,1.0,84.22859829984421,43.6759110688125,-32.3204285801098
9.190443496794353,-5.334781714973365,1.0,84.46425166776962,-151.82733250497486,-49.029009919194394
7.866403055044133,5.196046646345803,1.0,61.88029702440767,140.2875477022643,40.87419721296644
-8.60883795505843,-4.595171616617174,1.0,74.1120909364546,-97.02981583364078,39.559087823141134
-8.353456811596736,-5.821591526566342,1.0,69.7802407032119,-197.29913870285452,48.63041339192945
2.3975186676256315,9.482345688583406,1.0,5.748095761613383,852.6039724108351,22.734100801258137
3.3622073785756497,-9.606758335977474,1.0,11.304438456548542,-886.6058604827691,-32.2999137614166
7.879301575489588,-7.259108779861321,1.0,62.08339331751271,-382.516271074821,-57.19670724581161
-8.802721827253185,-4.331272501938204,1.0,77.48791156799966,-81.25433207103086,38.12698699259294
-3.9966129647257773,9.307776496844594,1.0,15.972915189814167,806.3764553284406,-37.199580220058984
-9.990570663789239,2.255224590078558,1.0,99.81150218816614,11.470157854735348,-22.530980629894955
-6.650087384898868,-6.992893337820231,1.0,44.22366222679107,-341.95638089824854,46.50335176978166
6.028907889307852,-6.424680714835478,1.0,36.347730337758456,-265.188476716485,-38.73380824795562
5.134083131576151,-7.644267064065461,1.0,26.35880960193478,-446.6913618693151,-39.24630258688163
7.433464493653694,-3.9427516678525745,1.0,55.256394378410164,-61.29122089127339,-29.308304530275993
10.376441983732702,0.36964353293270674,1.0,107.67054824177066,0.0505067399765016,3.83558467413822
10.144599654102294,-1.0940730379883379,1.0,102.91290214201237,-1.3096008449898064,-11.098932962739138
8.95934855605298,-5.613233304509999,1.0,80.26992654884862,-176.86393362757224,-50.29091370155015
9.259872442061289,-4.522876999726713,1.0,85.74523764324609,-92.52185502731113,-41.88126408860223
-0.33236817245509637,-9.946897482495604,1.0,0.11046860206114067,-984.1536913270533,3.306032137855263
-6.093903860205053,9.360957495505907,1.0,37.13566425742204,820.2775391393787,-57.04477501707888
-0.0957503170290603,9.573408339756998,1.0,0.009168123211165554,877.4042839247769,-0.9166568835803823
-6.376456395249293,-6.865884421793738,1.0,40.659196160515606,-323.6603244230107,43.78001263038917
-6.697297010672104,-4.64419535636061,1.0,44.8537872491575,-100.1685621128754,31.10355567713118
-5.639230829899911,-7.8047473756405275,1.0,31.800924352893638,-475.41901848816946,44.01277202029248
7.223007759211279,5.829502813550693,1.0,52.17184108962634,198.104594861786,42.106544054620635
3.536705367354482,9.805919025341248,1.0,12.508284855474,942.8984198136059,34.680646448767824
-7.633627640342427,3.9772272304194796,1.0,58.27227095139989,62.913118438611114,-30.360671718052696
-10.36471457324835,1.7152441990246343,1.0,107.42730818490672,5.046355914655879,-17.77801654631032
-8.930139840963777,4.683476850435157,1.0,79.74739757916856,102.73185587132764,-41.82410321630255
-0.18042533145858422,-10.115143243533108,1.0,0.03255330023193998,-1034.9422386211413,1.8250280724655197
2.14639518923496,9.39559424298472,1.0,4.60701230837098,829.4166692264662,20.166658283146088
5.959787058137684,-9.692364060116683,1.0,35.51906177834543,-910.5192995544198,-57.76442588824223
-2.152392259014929,9.527179200582175,1.0,4.632792436667389,864.7548418400546,-20.50622676158111
-8.678790229131875,5.039135291425402,1.0,75.32139984127491,127.9581803609082,-43.73359813049638
-10.887396446496036,-3.326477587562681,1.0,118.5354013831745,-36.80898186828738,36.216680266178635
-0.798729101526536,9.549937905368479,1.0,0.6379681776253874,870.9668855535729,-7.627813322789174
0.6134839839692795,-9.779474741081833,1.0,0.3763625985868192,-935.2906395693458,-5.999551125285821
0.9359518881912966,-11.038886960114816,1.0,0.8760059370088533,-1345.1659277833808,-10.331867093849745
-7.594039712196263,-7.598237671802775,1.0,57.66943915041391,-438.67069457676683,57.70131862237595
-9.164875885624651,-3.9214451934808863,1.0,83.99494999890423,-60.30293482808264,35.93955849053167
6.445663987798979,-5.485317567790365,1.0,41.54658424360864,-165.04612307978496,-35.356513908347445
0.03478685894319562,-10.653119639689258,1.0,0.0012101255551337892,-1209.011447970575,-0.3705885702108572
10.63082101319615,-0.49533809728951794,1.0,113.0143554146128,-0.12153607165375933,-5.265850653302006
-6.717962298073357,-6.177672053866124,1.0,45.131017438335064,-235.76240291205136,41.501367947734025
-1.1407164417053346,10.154291613695419,1.0,1.30123400037688,1047.0053342213714,-11.583167397612957
7.867724373012446,6.61358717266125,1.0,61.901086809694085,289.27522953468355,52.03388099138938
7.943327532133002,-5.598304554991346,1.0,63.09645228274216,-175.45654082087967,-44.46916670492835
7.8757248609093224,-6.651091852861785,1.0,62.02704208474517,-294.2245021740888,-52.38216945777501
6.575314477113189,-6.267012980406447,1.0,43.23476047293428,-246.13976559381143,-41.20758117832278
-9.139888421992561,-3.500182740088332,1.0,83.53756036647367,-42.88171604888868,31.991279700991544
4.546751297106806,9.665262987911602,1.0,20.672947357742427,902.9028554883014,43.94554702716548
3.334781362260055,-9.973442919256852,1.0,11.120766734077026,-992.0540154030446,-33.25925156470226
-8.734092611679007,-1.7868608729783175,1.0,76.28437374938581,-5.705217655012273,15.606608348778224
-1.6578971133376004,8.681575585617491,1.0,2.748622838413148,654.3282218529129,-14.393159102617426
-9.92258631671855,3.9584110625000997,1.0,98.45771921273021,62.02441474279492,-39.27767544471083
-2.9957584923463036,-11.005006453422267,1.0,8.974568944464998,-1332.818169848771,32.96834154116563
-4.923148176910425,-9.895702223233384,1.0,24.237387971816442,-969.0358732032166,48.718008359559875
-5.367139464875312,-8.184076559994288,1.0,28.806186035422055,-548.1621571207288,43.92508028870633
-6.773545811297879,-5.595719262663571,1.0,45.880922857751045,-175.21357600810947,37.90286077281369
-8.52633850780829,4.613480570399718,1.0,72.6984483497345,98.1942568744818,-39.33609704242447
-8.313286775650452,6.73662256532848,1.0,69.11073701420469,305.721968358475,-56.003475284893675
2.0988938944042563,10.023213417658443,1.0,4.405355579967465,1006.9802036891608,21.037661444634125
9.043930173713488,-4.032067602972957,1.0,81.79267298700528,-65.55161789274251,-36.46573785697974
-2.0593119198001038,8.426598498296862,1.0,4.240765583030789,598.3522174362018,-17.352994730912382
-4.852669038157923,-8.71491656367928,1.0,23.54839679389654,-661.8959147847064,42.29060577869608
-1.0006655210775433,7.476164286094303,1.0,1.0013314850733912,417.86549291465246,-7.4811398310058745
-5.1675365869351815,8.863269332054964,1.0,26.703434377313705,696.2766639118727,-45.80126855325457
8.489367235395811,5.11961314928915,1.0,72.06935605741191,134.18730712079594,43.462276127476876
-10.372148949686794,-1.398810392165335,1.0,107.58147383448888,-2.7370110479492373,14.508669739908653
-0.14773297261677695,-10.521682390697306,1.0,0.02182503119818937,-1164.811269887681,1.5543994165073094
4.55946444959926,-9.848670576833703,1.0,20.788716067159484,-955.2847253458582,-44.904663370887505
-2.8456531876350737,-9.222953462712526,1.0,8.097742064297655,-784.5308967212931,26.245326920577842
3.8008751024779346,-8.151065032646406,1.0,14.44665154463665,-541.5556291275772,-30.981180141264215
11.07438532915927,-4.066117328262057,1.0,122.64201041869808,-67.22637880170987,-45.02975008674561
7.435909250272132,-6.786231615535648,1.0,55.29274637828265,-312.52591429263384,-50.46180244445072
1.3878226876759514,9.866839145857734,1.0,1.9260518124281014,960.5813369662224,13.69342322227057
-10.649349699404755,3.1292934709538267,1.0,113.40864902021215,30.64353630374107,-33.3249404842514
-6.940443285678582,-8.115635657512899,1.0,48.16975300172091,-534.5245110037686,56.32610900819908
-3.3894601350238847,9.534782600279076,1.0,11.48844000691613,866.8269112411101,-32.3177655197653
9.068510051402086,-2.088814757405195,1.0,82.23787455238066,-9.113806031895924,-18.942437623046022
9.194673685053226,4.117957608817118,1.0,84.54202417461028,69.83057445482747,37.863276461955465
-3.5221360183736303,-8.510229945900306,1.0,12.40544213192485,-616.3450104651982,29.97418741709734
-4.338847270465255,-9.377732312597866,1.0,18.82559563642379,-824.6952533492548,40.688548247669075
8.77725979441257,-3.7207435486226297,1.0,77.0402894986114,-51.509722740157706,-32.65793275464536
-4.259921687919871,8.278307642304929,1.0,18.14693278721008,567.31554713136,-35.26494226472758
10.458854581915542,0.5899335230207768,1.0,109.38763916565573,0.20530958591226758,6.17002893027143
8.971029082529139,-1.4909100709532683,1.0,80.4793627995836,-3.314014048508056,-13.374997605957352
-3.622605925366867,9.210012525885608,1.0,13.123273690503137,781.2331484952553,-33.36424594897627
8.44168300657469,-2.4959159012597603,1.0,71.2620119834919,-15.5485481794672,-21.069730849504072
11.16363387511706,3.2462117603019993,1.0,124.62672129766116,34.20822502011558,36.23951957311078
2.9955480394055343,-10.168900383190666,1.0,8.97330805638634,-1051.5307534190215,-30.461429605776985
1.963082657795567,-10.183908472125397,1.0,3.8536935213377066,-1056.1934316335244,-19.991854110206717
-6.338443516633327,-6.864546724223634,1.0,40.17586621355106,-323.4711826080066,43.510541678781834
-3.1705403302589685,9.471648437773279,1.0,10.05232598579865,849.7217003536152,-30.030243365994536
0.8484969082346155,-9.724797361352037,1.0,0.7199470032837015,-919.690460292647,-8.251460494315351
9.137236633955325,-3.4536262338514487,1.0,83.48909330489525,-41.193244891003665,-31.556600143936617
-5.585634069235123,9.411448331254029,1.0,31.19930795540012,833.622421162221,-52.56890643989855
-2.771255854199099,10.940996923757291,1.0,7.679859009432778,1309.6965628919713,-30.320301775736727
6.948659420614727,6.643894640437595,1.0,48.2838677436978,293.2703856272118,46.16616108284839
8.355090810954888,-2.919555914378973,1.0,69.80754245930281,-24.885730372572503,-24.39315479229675
-1.0291813389151747,-9.74128341015958,1.0,1.0592142283712318,-924.3757342565576,10.025547102820216
8.607204505431795,-6.852871836802141,1.0,74.0839693983254,-321.8235557957587,-58.98406934887005
9.376423663789108,-6.827478882376201,1.0,87.91732072286436,-318.2592951273513,-64.01733455673262
0.6313936131672412,-10.311784366293702,1.0,0.3986578947483838,-1096.4819030196352,-6.510794789235651
7.609124843140656,6.653581351166144,1.0,57.89878087850032,294.5550098319888,50.62793115501568
-3.8740875810965507,7.760929685316222,1.0,15.008554586006523,467.45654637754626,-30.06652131164714
7.311554142935436,-5.7260298850266595,1.0,53.458823985076336,-187.741736719263,-41.86617752843879
-8.609039945984184,-3.5364695892395335,1.0,74.11556879155137,-44.22927123509754,30.445607961521425
9.582949882436749,-1.2487569059884804,1.0,91.8329284492945,-1.9473037897102758,-11.966774845434387
-9.588782468296557,2.441654020993563,1.0,91.94474922431142,14.55634616863635,-23.41248927014887
-8.213214493794657,-7.353257633927302,1.0,67.45689232107863,-397.59356561962625,60.39388217557793
-9.501194807822436,4.2508034990755466,1.0,90.27270277619202,76.80917283821218,-40.38771213449003
2.459132374169165,10.253601231567615,1.0,6.047332033686874,1078.0260870141371,25.21496274036874
9.034749591501871,3.4092039644685093,1.0,81.62670018114324,39.624058339674754,30.801304125328425
-9.486385220172814,3.6247112249671942,1.0,89.9915045455132,47.623382478606864,-34.38540699192328
8.563277105484277,-5.653705044288083,1.0,73.32971478531117,-180.71718055835578,-48.41424296691311
9.18112699076712,4.070929949015735,1.0,84.29309282059252,67.46536709742762,37.375724832430585
-0.7690538703227515,-9.520990991748269,1.0,0.5914438554584035,-863.0708779843663,7.322154971512059
-4.324894262505437,9.29597552519341,1.0,18.70471038185245,803.3132213362417,-40.20411121329995
-8.362904604036354,-5.35700894732159,1.0,69.93817341621244,-153.73300459020157,44.800154789419665
7.816831371313929,7.172471904850786,1.0,61.10285268755759,368.9831781758002,56.066003395705394
1.4015381470316326,-10.166834865303153,1.0,1.9643091775848622,-1050.8901194197003,-14.24920689829358
6.79980127767104,-7.571847605788893,1.0,46.23729741581671,-434.11580112514963,-51.487059024173725
-3.0776177556076996,9.57565229343889,1.0,9.471731049631774,878.0214046078665,-29.47019751981312
0.41557193992399877,9.97671541726623,1.0,0.17270003725219565,993.0308777094174,4.146042980022994
8.052583620421526,7.743697796799098,1.0,64.84410296388106,464.3497199484686,62.356774039998676
-10.102633262652985,1.8035051254083279,1.0,102.06319883966249,5.866136205914874,-18.220150869315315
-9.762982405718667,3.7752036617311657,1.0,95.31582545437224,53.80481676562102,-36.85724692748606
0.05211837706077599,-9.984731824506259,1.0,0.002716325227449221,-995.4265373080908,-0.520388018080347
-9.967705015878478,0.5448929142462109,1.0,99.35514328356896,0.1617832223098458,-5.4313318344485975
-6.897400511392814,7.909910928190686,1.0,47.57413381456185,494.89695202665104,-54.55782368117404
-7.633852133562792,-7.641138307050652,1.0,58.275698397101195,-446.14310128157445,58.331319968127005
-7.384985055205316,7.232734241540698,1.0,54.53800426560587,378.36200938044556,-53.41363428204981
-1.3877898899842371,10.068831614150351,1.0,1.925960778742461,1020.7919440881111,-13.973422718071525
-9.084133124179738,-5.700628667173692,1.0,82.52147461781952,-185.25428294797155,51.78526970412113
8.67845573940958,6.166206847570986,1.0,75.31559402089108,234.4521758458884,53.513153206689076
2.2145773553390073,-10.497380897472878,1.0,4.904352862780312,-1156.7589479016767,-23.247262025911702
9.5767871721003,-0.025954578372006373,1.0,91.71485253970485,-1.7484045768413047e-05,-0.2485614732103025
-1.0766137737252206,-8.776062307564402,1.0,1.1590972177748604,-675.9259091230954,9.448429559394578
-7.522601008896553,-7.125448401636489,1.0,56.589525939051434,-361.7733725908159,53.60190533499098
9.585808266585069,-2.509436018521033,1.0,91.88772012373065,-15.802593975779262,-24.05497253080524
-6.946992923588551,-6.652485369564863,1.0,48.26071068038941,-294.40947601448306,46.21476878664347
9.270468637049136,3.0743784781259,1.0,85.94158875051167,29.058419804967638,28.50092925988501
8.954718469623899,-4.39161045803476,1.0,80.18698287022337,-84.69766388643579,-39.32563527995734
-8.836225553634787,-2.717153368209104,1.0,78.07888203470839,-20.060532538037986,24.009380025314112
2.862115126371006,-8.809869614233396,1.0,8.19170299660172,-683.7674813452217,-25.214861084253698
-3.6226064941917864,8.270455696335361,1.0,13.123277811760506,565.7027873338022,-29.96060651546993
-5.446400532917926,-8.603241061958377,1.0,29.663278764968673,-636.7753978770219,46.85669670467149
-6.312340125983757,6.691136741970594,1.0,39.84563786610463,299.57096334749804,-42.2367309447852
-0.17868226133616102,9.122707260242008,1.0,0.03192735051620414,759.2262527871601,-1.630065962767856
-10.231279639994398,-0.21562813121961025,1.0,104.6790830717639,-0.010025735828702625,2.206151708757239
5.657213760307442,-8.646788871969648,1.0,32.00406752981187,-646.4940986650926,-48.91673298897996
-9.075321709839661,-3.735212071711793,1.0,82.36146413708708,-52.112966223234764,33.89825120526122
